keyword,volumen_mensual_colombia,cpc_usd,competencia_ads,indice_competencia
botas de seguridad,14800,0.2,HIGH,99
elementos de proteccion personal,12100,1.12,LOW,5
epp,12100,1.12,LOW,5
overoles,9900,0.2,MEDIUM,57
uniformes antifluidos,8100,0.31,HIGH,100
dotaciones,4400,0.87,LOW,29
botas de seguridad para mujer,4400,0.16,HIGH,95
dotacion,3600,1.04,LOW,13
botas punta de acero,3600,0.13,HIGH,94
botas de caucho,3600,0.12,HIGH,91
uniformes medicos,2900,0.5,HIGH,100
botas croydon,1900,0.09,HIGH,97
zapatos antideslizantes,1300,0.14,HIGH,90
chalecos reflectivos,1000,0.18,HIGH,93
dotaciones medellin,720,0.65,MEDIUM,63
dotaciones en medellin,720,0.65,MEDIUM,63
uniformes de cocina,720,0.35,HIGH,88
botas de seguridad dielectricas,590,0.22,HIGH,94
dotaciones empresariales,480,1.1,HIGH,76
uniformes antifluidos medellin,480,0.36,HIGH,100
uniformes antifluidos para mujer,480,0.34,HIGH,100
bonos de dotacion,480,3.24,MEDIUM,38
bono de dotacion,480,3.24,MEDIUM,38
agencias nacionales,480,,LOW,0
ropa de trabajo,390,0.42,MEDIUM,53
zapatos antideslizantes para cocina,390,0.22,HIGH,100
botas de dotacion,390,0.19,HIGH,98
uniformes quirurgicos,390,0.28,HIGH,99
calzado de seguridad,320,0.31,HIGH,71
botas de seguridad punta de acero,320,0.23,HIGH,99
botas workman,320,0.13,HIGH,100
camisas de dotacion,320,0.51,HIGH,83
uniformes medicos medellin,260,0.3,HIGH,99
uniformes de trabajo,210,0.5,MEDIUM,54
zapatos de dotacion,210,0.31,HIGH,98
jean de dotacion,210,0.28,HIGH,83
pantalon de dotacion,210,0.31,HIGH,79
dotacion empresarial,170,1.2,MEDIUM,61
uniformes empresariales,170,1.04,MEDIUM,38
calzado antideslizante,170,0.19,MEDIUM,58
zapatos tipo crocs,170,0.13,HIGH,100
uniformes para restaurantes,170,0.35,MEDIUM,65
uniformes industriales,140,0.8,MEDIUM,46
zapatos de dotacion mujer,140,0.32,HIGH,91
epp seguridad industrial,140,0.65,LOW,13
acta de entrega de dotacion,140,,LOW,0
quien tiene derecho a dotacion,140,,LOW,4
uniformes servicios generales,140,0.42,HIGH,87
zapatos para enfermeras,110,0.08,HIGH,98
uniformes de aseo,110,0.18,MEDIUM,35
dotaciones itagui,90,0.64,HIGH,68
dotaciones para empresas,90,0.93,HIGH,72
botas de seguridad medellin,90,0.53,HIGH,100
uniformes para empresas,70,1.05,MEDIUM,51
botas de seguridad croydon,70,0.15,HIGH,94
dotaciones empresariales medellin,50,0.95,MEDIUM,55
uniformes y dotaciones medellin,50,0.89,HIGH,70
dotaciones medellin economicas,50,0.72,HIGH,86
dotaciones empresariales para oficina,50,0.72,HIGH,67
tenis de dotacion,50,0.28,MEDIUM,54
ley de dotaciones en colombia,50,,LOW,4
acta de entrega de epp,50,,LOW,0
overoles medellin,50,0.25,HIGH,87
chaquetas industriales,50,0.61,MEDIUM,45
uniformes empresariales medellin,40,0.86,MEDIUM,47
fabrica de calzado medellin,40,,LOW,7
botas workman precio,40,0.19,HIGH,94
seguridad industrial medellin,40,0.65,MEDIUM,41
uniformes antifluidos envigado,40,0.29,HIGH,98
uniformes antifluidos bello,40,0.16,HIGH,74
uniformes antifluidos itagui,40,0.42,HIGH,93
ropa hospitalaria,40,0.26,MEDIUM,56
dotaciones industriales medellin,30,0.44,HIGH,72
dotaciones envigado,30,0.75,MEDIUM,54
dotaciones rionegro,30,1.07,HIGH,69
empresas de dotaciones en medellin,30,0.79,HIGH,91
calzado de dotacion,30,0.59,MEDIUM,65
proveedores de epp en colombia,30,1.15,MEDIUM,60
dotacion y epp,30,0.44,LOW,32
ropa reflectiva,30,0.05,HIGH,78
gorras promocionales,30,0.83,MEDIUM,61
cotizacion dotaciones para empresas,20,1.81,MEDIUM,50
uniformes industriales medellin,20,0.4,MEDIUM,51
calzado de seguridad antideslizante,20,0.06,LOW,17
venta de epp medellin,20,0.68,HIGH,91
uniformes antifluidos rionegro,20,0.23,HIGH,83
uniformes antifluidos medellin precios,20,0.2,HIGH,91
ley de dotacion para empleados en colombia,20,,LOW,3
formato acta de entrega de dotacion,20,,LOW,0
dotacion para restaurantes,20,0.52,HIGH,67
cada cuanto se entrega la dotacion,20,,LOW,1
dotacion trabajadores,20,0.38,LOW,9
dotaciones y uniformes medellin,10,,LOW,29
dotaciones para empresas medellin,10,0.9,HIGH,95
dotaciones empresariales colombia,10,0.46,HIGH,86
uniformes de trabajo medellin,10,,,
ropa de trabajo medellin,10,,HIGH,86
fabrica de uniformes medellin,10,,,
fabrica de uniformes empresariales,10,0.97,HIGH,100
zapatos de dotacion hombre,10,0.29,MEDIUM,60
calzado hospitalario,10,,MEDIUM,43
calzado de seguridad medellin,10,0.64,HIGH,93
botas de dotacion medellin,10,,HIGH,100
elementos de proteccion personal medellin,10,0.89,HIGH,80
epp medellin,10,0.89,HIGH,80
ley de dotacion,10,,LOW,0
dotacion ley colombia,10,,LOW,5
dotacion para restaurantes medellin,10,0.5,HIGH,100
uniformes de cocina medellin,10,0.35,HIGH,85
uniformes para construccion,10,0.81,HIGH,79
articulos promocionales medellin,10,,,
camisetas estampadas para empresas,10,,LOW,18
dotaciones medellin centro,n/a,,,
proveedor de dotaciones,n/a,,,
proveedor de dotaciones para empresas,n/a,,,
proveedores de dotaciones en medellin,n/a,,,
dotaciones bello,n/a,,,
fabrica de dotaciones medellin,n/a,,,
calzado de dotacion medellin,n/a,,,
tenis de dotacion medellin,n/a,,,
zapatos de dotacion antideslizantes,n/a,,,
zapatos de dotacion para oficina,n/a,,,
calzado dotacion oficina,n/a,,,
calzado dotacion servicios generales,n/a,,,
tenis dotacion antifluido,n/a,,,
tenis blancos de dotacion,n/a,,,
tenis negros de dotacion,n/a,,,
fabrica de calzado de dotacion,n/a,,,
crocs de dotacion,n/a,,,
mocasines de dotacion,n/a,,,
precio botas dotacion,n/a,,,
mejores marcas de botas de seguridad en colombia,n/a,,,
almacen de seguridad industrial medellin,n/a,,,
fabrica de uniformes antifluidos medellin,n/a,,,
fabrica de uniformes medicos medellin,n/a,,,
ley entrega de dotacion,n/a,,,
bordado de logos en uniformes,n/a,,,
