URL,HTTP,Title,H1,Canonical,Robots,Description
https://agenciasnacionales.com/,200,"Dotaciones Empresariales, Calzado y EPP | Agencias Nacionales","Uniformes, calzado de seguridad y EPP para empresas",https://agenciasnacionales.com/,,"Fabricamos uniformes de trabajo, calzado de seguridad, EPP y ropa hospitalaria para empresas en Colombia. Más de 55 años protegiendo equipos de trabajo."
https://agenciasnacionales.com/articulos-del-blog/acta-entrega-dotacion-epp-empresa/,200,Acta de entrega de dotación y EPP: qué debe incluir para evitar reclamos y reprocesos | Agencias Nacionales, Acta de entrega de dotación y EPP: qué debe incluir para evitar reclamos y reprocesos ,https://agenciasnacionales.com/articulos-del-blog/acta-entrega-dotacion-epp-empresa/,,"Aprende qué debe incluir un acta de entrega de dotación y EPP para evitar reclamos, diferencias de talla, faltantes y reprocesos en empresas multisede."
https://agenciasnacionales.com/articulos-del-blog/best-practices/,200,Agencias Nacionales SAS reconocida por el Banco de Bogotá como finalista en el premio Gacela misiónpyme 2024. | Agencias Nacionales, Agencias Nacionales SAS reconocida por el Banco de Bogotá como finalista en el premio Gacela misiónpyme 2024. ,https://agenciasnacionales.com/articulos-del-blog/best-practices/,,"Uniformes y calzado de trabajo, seguridad industrial, EPP y ropa hospitalaria. Más de 55 años de experiencia. Envíos nacionales."
https://agenciasnacionales.com/articulos-del-blog/botas-de-seguridad-para-mujer/,200,Botas de seguridad para mujer: guía | Agencias Nacionales, Botas de seguridad para mujer: guía ,https://agenciasnacionales.com/articulos-del-blog/botas-de-seguridad-para-mujer/,,"Guía para comprar botas de seguridad para mujer por riesgo, ajuste y talla. Reduce cambios con muestras, pruebas de uso y recepción por referencia."
https://agenciasnacionales.com/articulos-del-blog/cada-cuanto-renovar-uniformes-calzado-epp-empresa/,200,"Cada cuánto renovar uniformes, calzado de trabajo y EPP en una empresa: guía para compras y SST | Agencias Nacionales"," Cada cuánto renovar uniformes, calzado de trabajo y EPP en una empresa: guía para compras y SST ",https://agenciasnacionales.com/articulos-del-blog/cada-cuanto-renovar-uniformes-calzado-epp-empresa/,,"Aprende a definir la reposición de uniformes, calzado de trabajo y EPP por cargo, riesgo y uso real para compras y SST en empresas de Colombia."
https://agenciasnacionales.com/articulos-del-blog/casco-de-seguridad-guia-compra/,200,Casco de seguridad: guía de compra | Agencias Nacionales, Casco de seguridad: guía de compra ,https://agenciasnacionales.com/articulos-del-blog/casco-de-seguridad-guia-compra/,,"Casco de seguridad: elige tipo, clase, ajuste y accesorios según el riesgo. Guía para Compras y SST con criterios de prueba, recepción y reposición."
https://agenciasnacionales.com/articulos-del-blog/checklist-dotacion-nuevos-ingresos-empresa/,200,"Checklist de dotación para nuevos ingresos: cómo evitar retrasos, sobrecostos y entregas incompletas | Agencias Nacionales"," Checklist de dotación para nuevos ingresos: cómo evitar retrasos, sobrecostos y entregas incompletas ",https://agenciasnacionales.com/articulos-del-blog/checklist-dotacion-nuevos-ingresos-empresa/,,"Aprende a organizar la dotación para nuevos ingresos con un checklist práctico de compras, SST y operación para uniformes, calzado y EPP en Colombia."
https://agenciasnacionales.com/articulos-del-blog/como-armar-pliego-dotacion-epp-licitacion-privada/,200,Cómo armar un pliego de dotación y EPP para licitación privada sin dejar vacíos | Agencias Nacionales, Cómo armar un pliego de dotación y EPP para licitación privada sin dejar vacíos ,https://agenciasnacionales.com/articulos-del-blog/como-armar-pliego-dotacion-epp-licitacion-privada/,,"Aprende a estructurar un pliego de dotación y EPP para licitación privada con fichas técnicas, tallas, entregas y criterios de evaluación para compras B2B."
https://agenciasnacionales.com/articulos-del-blog/como-consolidar-tallas-dotacion-por-sede-sin-errores/,200,Cómo consolidar tallas de dotación por sede sin errores ni reprocesos | Agencias Nacionales, Cómo consolidar tallas de dotación por sede sin errores ni reprocesos ,https://agenciasnacionales.com/articulos-del-blog/como-consolidar-tallas-dotacion-por-sede-sin-errores/,,"Aprende a consolidar tallas de dotación por sede, cargo y turno para reducir devoluciones, faltantes y compras urgentes en tu empresa."
https://agenciasnacionales.com/articulos-del-blog/como-cotizar-dotaciones-empresariales-sin-errores/,200,Cómo cotizar dotaciones empresariales sin errores: guía para compras y SST | Agencias Nacionales, Cómo cotizar dotaciones empresariales sin errores: guía para compras y SST ,https://agenciasnacionales.com/articulos-del-blog/como-cotizar-dotaciones-empresariales-sin-errores/,,"Guía práctica para cotizar dotaciones empresariales sin errores. Define prendas, calzado, EPP, tallas, reposición y personalización antes de comprar."
https://agenciasnacionales.com/articulos-del-blog/como-crear-ficha-tecnica-dotacion-por-cargo/,200,Cómo crear una ficha técnica de dotación por cargo y comprar con menos errores | Agencias Nacionales, Cómo crear una ficha técnica de dotación por cargo y comprar con menos errores ,https://agenciasnacionales.com/articulos-del-blog/como-crear-ficha-tecnica-dotacion-por-cargo/,,"Aprende a crear una ficha técnica de dotación por cargo para cotizar mejor uniformes, calzado de trabajo y EPP en tu empresa."
https://agenciasnacionales.com/articulos-del-blog/como-crear-matriz-reposicion-epp-por-cargo-consumo/,200,Cómo crear una matriz de reposición de EPP por cargo y consumo en tu empresa | Agencias Nacionales, Cómo crear una matriz de reposición de EPP por cargo y consumo en tu empresa ,https://agenciasnacionales.com/articulos-del-blog/como-crear-matriz-reposicion-epp-por-cargo-consumo/,,"Aprende a construir una matriz de reposición de EPP por cargo, riesgo, rotación y consumo real. Guía útil para compras, SST y operaciones en Colombia."
https://agenciasnacionales.com/articulos-del-blog/como-definir-stock-minimo-dotaciones-por-sede/,200,Cómo definir stock mínimo de dotaciones por sede sin sobrecomprar | Agencias Nacionales, Cómo definir stock mínimo de dotaciones por sede sin sobrecomprar ,https://agenciasnacionales.com/articulos-del-blog/como-definir-stock-minimo-dotaciones-por-sede/,,"Aprende a definir stock mínimo de uniformes, calzado y EPP por sede sin sobrecomprar. Guía útil para compras, SST y operaciones en Colombia."
https://agenciasnacionales.com/articulos-del-blog/como-definir-stock-minimo-epp-dotacion-por-sede/,200,Cómo definir stock mínimo de EPP y dotación por sede para evitar compras urgentes | Agencias Nacionales, Cómo definir stock mínimo de EPP y dotación por sede para evitar compras urgentes ,https://agenciasnacionales.com/articulos-del-blog/como-definir-stock-minimo-epp-dotacion-por-sede/,,"Aprende a definir stock mínimo de EPP, uniformes y calzado de trabajo por sede para evitar compras urgentes, quiebres y sobrecostos en la operación."
https://agenciasnacionales.com/articulos-del-blog/como-elegir-calzado-de-trabajo-comodo-jornadas-largas/,200,Cómo elegir calzado de trabajo cómodo para jornadas largas sin perder seguridad | Agencias Nacionales, Cómo elegir calzado de trabajo cómodo para jornadas largas sin perder seguridad ,https://agenciasnacionales.com/articulos-del-blog/como-elegir-calzado-de-trabajo-comodo-jornadas-largas/,,"Guía práctica para elegir calzado de trabajo cómodo para jornadas largas: ajuste, suela, materiales, peso, ergonomía y reposición."
https://agenciasnacionales.com/articulos-del-blog/como-elegir-calzado-de-trabajo-segun-riesgo-operacion/,200,"Cómo elegir calzado de trabajo para tu empresa según riesgo, superficie y jornada | Agencias Nacionales"," Cómo elegir calzado de trabajo para tu empresa según riesgo, superficie y jornada ",https://agenciasnacionales.com/articulos-del-blog/como-elegir-calzado-de-trabajo-segun-riesgo-operacion/,,"Aprende a elegir calzado de trabajo para tu empresa según riesgo, superficie, jornada y sector. Guía útil para compras, SST y operación en Colombia."
https://agenciasnacionales.com/articulos-del-blog/como-elegir-dotacion-hospitalaria-antifluido-clinicas-laboratorios/,200,Cómo elegir dotación hospitalaria antifluido para clínicas y laboratorios sin improvisar la compra | Agencias Nacionales, Cómo elegir dotación hospitalaria antifluido para clínicas y laboratorios sin improvisar la compra ,https://agenciasnacionales.com/articulos-del-blog/como-elegir-dotacion-hospitalaria-antifluido-clinicas-laboratorios/,,"Aprende a elegir dotación hospitalaria antifluido según riesgo, área, lavado, confort y reposición. Guía útil para compras y operación en salud en Colombia."
https://agenciasnacionales.com/articulos-del-blog/como-estandarizar-dotaciones-por-cargo-y-area/,200,Cómo estandarizar dotaciones por cargo y área sin disparar costos en tu empresa | Agencias Nacionales, Cómo estandarizar dotaciones por cargo y área sin disparar costos en tu empresa ,https://agenciasnacionales.com/articulos-del-blog/como-estandarizar-dotaciones-por-cargo-y-area/,,"Aprende a estandarizar uniformes, calzado de trabajo y EPP por cargo y área sin disparar costos. Guía útil para compras, SST y operaciones en Colombia."
https://agenciasnacionales.com/articulos-del-blog/como-evaluar-proveedores-dotaciones-empresariales-colombia/,200,Cómo evaluar proveedores de dotaciones empresariales en Colombia: checklist para compras y SST | Agencias Nacionales, Cómo evaluar proveedores de dotaciones empresariales en Colombia: checklist para compras y SST ,https://agenciasnacionales.com/articulos-del-blog/como-evaluar-proveedores-dotaciones-empresariales-colombia/,,"Aprende a evaluar proveedores de dotación empresarial en Colombia con criterios de compras y SST: experiencia, fichas técnicas, entregas, tallaje y soporte."
https://agenciasnacionales.com/articulos-del-blog/como-hacer-prueba-piloto-dotaciones-empresariales/,200,Cómo hacer una prueba piloto de dotaciones empresariales antes de comprar en volumen | Agencias Nacionales, Cómo hacer una prueba piloto de dotaciones empresariales antes de comprar en volumen ,https://agenciasnacionales.com/articulos-del-blog/como-hacer-prueba-piloto-dotaciones-empresariales/,,"Aprende a validar uniformes, calzado de trabajo y EPP con una prueba piloto antes de comprar en volumen. Guía útil para compras, SST y operaciones."
https://agenciasnacionales.com/articulos-del-blog/como-planear-presupuesto-anual-dotaciones-empresariales/,200,Cómo planear el presupuesto anual de dotaciones empresariales sin improvisar | Agencias Nacionales, Cómo planear el presupuesto anual de dotaciones empresariales sin improvisar ,https://agenciasnacionales.com/articulos-del-blog/como-planear-presupuesto-anual-dotaciones-empresariales/,,"Aprende a planear el presupuesto anual de dotaciones empresariales con criterios de uniformes, calzado de trabajo, EPP, reposición y crecimiento operativo."
https://agenciasnacionales.com/articulos-del-blog/control-calidad-dotaciones-empresariales-checklist-compras-sst/,200,Cómo auditar la calidad de una entrega de dotaciones empresariales: checklist para compras y SST | Agencias Nacionales, Cómo auditar la calidad de una entrega de dotaciones empresariales: checklist para compras y SST ,https://agenciasnacionales.com/articulos-del-blog/control-calidad-dotaciones-empresariales-checklist-compras-sst/,,"Aprende cómo auditar una entrega de dotaciones empresariales con un checklist útil para compras y SST: prendas, calzado, EPP, tallas y no conformidades."
https://agenciasnacionales.com/articulos-del-blog/control-dotacion-contratistas-personal-temporal/,200,Cómo controlar la dotación de contratistas y personal temporal sin perder trazabilidad ni presupuesto | Agencias Nacionales, Cómo controlar la dotación de contratistas y personal temporal sin perder trazabilidad ni presupuesto ,https://agenciasnacionales.com/articulos-del-blog/control-dotacion-contratistas-personal-temporal/,,"Aprende cómo controlar la dotación de contratistas y personal temporal con kits por cargo, tallaje, actas de entrega y reposición sin sobrecostos."
https://agenciasnacionales.com/articulos-del-blog/dotacion-para-brigada-de-emergencias/,200,Dotación para brigada de emergencias | Agencias Nacionales, Dotación para brigada de emergencias ,https://agenciasnacionales.com/articulos-del-blog/dotacion-para-brigada-de-emergencias/,,"Define la dotación para brigada de emergencias según riesgos, roles y sedes. Guía práctica para compras y SST con inventario, fichas y reposición."
https://agenciasnacionales.com/articulos-del-blog/dotacion-para-empresas-de-alimentos-uniformes-calzado-epp/,200,"Dotación para empresas de alimentos: cómo definir uniformes, calzado y EPP sin improvisar compras | Agencias Nacionales"," Dotación para empresas de alimentos: cómo definir uniformes, calzado y EPP sin improvisar compras ",https://agenciasnacionales.com/articulos-del-blog/dotacion-para-empresas-de-alimentos-uniformes-calzado-epp/,,"Aprende a definir dotación para empresas de alimentos con uniformes, calzado de trabajo y EPP según riesgo, higiene, rotación y operación en Colombia."
https://agenciasnacionales.com/articulos-del-blog/dotacion-para-empresas-logistica-bodegas-por-cargo/,200,"Dotación para empresas de logística y bodegas: cómo definir uniformes, calzado y EPP por cargo | Agencias Nacionales"," Dotación para empresas de logística y bodegas: cómo definir uniformes, calzado y EPP por cargo ",https://agenciasnacionales.com/articulos-del-blog/dotacion-para-empresas-logistica-bodegas-por-cargo/,,"Aprende a definir la dotación para empresas de logística y bodegas por cargo, con criterios prácticos de uniformes, calzado de trabajo y EPP para operación segura y ordenada."
https://agenciasnacionales.com/articulos-del-blog/dotacion-personal-aseo-servicios-generales/,200,Cómo definir la dotación para personal de aseo y servicios generales sin improvisar | Agencias Nacionales, Cómo definir la dotación para personal de aseo y servicios generales sin improvisar ,https://agenciasnacionales.com/articulos-del-blog/dotacion-personal-aseo-servicios-generales/,,"Aprende a definir dotación para personal de aseo y servicios generales con criterios de tarea, riesgo, reposición y tallaje en empresas de Colombia."
https://agenciasnacionales.com/articulos-del-blog/dotacion-personal-mantenimiento-facility-management/,200,Cómo definir la dotación para personal de mantenimiento y facility management sin sobredimensionar la compra | Agencias Nacionales, Cómo definir la dotación para personal de mantenimiento y facility management sin sobredimensionar la compra ,https://agenciasnacionales.com/articulos-del-blog/dotacion-personal-mantenimiento-facility-management/,,"Aprende cómo definir la dotación para personal de mantenimiento y facility management por tarea, riesgo, entorno y reposición sin comprar de más."
https://agenciasnacionales.com/articulos-del-blog/entregas-escalonadas-dotacion-por-sede-y-turno/,200,Cómo organizar entregas escalonadas de dotación por sede y turno sin frenar la operación | Agencias Nacionales, Cómo organizar entregas escalonadas de dotación por sede y turno sin frenar la operación ,https://agenciasnacionales.com/articulos-del-blog/entregas-escalonadas-dotacion-por-sede-y-turno/,,"Aprende cómo organizar entregas escalonadas de dotación por sede y turno para reducir filas, errores de talla y fricción operativa en compras, SST y operaciones."
https://agenciasnacionales.com/articulos-del-blog/gafas-de-seguridad-guia-compra/,200,Gafas de seguridad: guía de compra | Agencias Nacionales, Gafas de seguridad: guía de compra ,https://agenciasnacionales.com/articulos-del-blog/gafas-de-seguridad-guia-compra/,,"Gafas de seguridad para empresas: elige el formato según el riesgo y verifica ajuste, soportes, recepción y reposición antes de comprar por volumen."
https://agenciasnacionales.com/articulos-del-blog/getting-started/,200,Más que uniformes: Vestimos el trabajo con calidad y compromiso | Agencias Nacionales, Más que uniformes: Vestimos el trabajo con calidad y compromiso ,https://agenciasnacionales.com/articulos-del-blog/getting-started/,,"Uniformes y calzado de trabajo, seguridad industrial, EPP y ropa hospitalaria. Más de 55 años de experiencia. Envíos nacionales."
https://agenciasnacionales.com/articulos-del-blog/guantes-de-seguridad-guia-compra/,200,Guantes de seguridad: guía de compra | Agencias Nacionales, Guantes de seguridad: guía de compra ,https://agenciasnacionales.com/articulos-del-blog/guantes-de-seguridad-guia-compra/,,"Guantes de seguridad: define la referencia por peligro, tarea, ajuste y consumo. Guía para Compras y SST con criterios de prueba, recepción y reposición."
https://agenciasnacionales.com/articulos-del-blog/politica-interna-dotacion-reposicion-empresas-multisede/,200,Cómo crear una política interna de dotación y reposición para empresas con múltiples sedes | Agencias Nacionales, Cómo crear una política interna de dotación y reposición para empresas con múltiples sedes ,https://agenciasnacionales.com/articulos-del-blog/politica-interna-dotacion-reposicion-empresas-multisede/,,"Aprende a crear una política interna de dotación y reposición para empresas con múltiples sedes, cargos y riesgos operativos, con foco en control, continuidad y compras más claras."
https://agenciasnacionales.com/articulos-del-blog/protector-auditivo-guia-compra/,200,Protector auditivo: guía de compra | Agencias Nacionales, Protector auditivo: guía de compra ,https://agenciasnacionales.com/articulos-del-blog/protector-auditivo-guia-compra/,,"Protector auditivo para empresas: elige tapones u orejeras con medición, ajuste y compatibilidad. Guía práctica para Compras y SST en Colombia."
https://agenciasnacionales.com/articulos-del-blog/reducir-cambios-devoluciones-talla-dotaciones-empresariales/,200,Cómo reducir cambios y devoluciones por talla en dotaciones empresariales sin frenar la operación | Agencias Nacionales, Cómo reducir cambios y devoluciones por talla en dotaciones empresariales sin frenar la operación ,https://agenciasnacionales.com/articulos-del-blog/reducir-cambios-devoluciones-talla-dotaciones-empresariales/,,"Aprende cómo reducir cambios y devoluciones por talla en dotaciones empresariales con un proceso claro de tallaje, validación y entrega para compras, SST y operaciones."
https://agenciasnacionales.com/articulos-del-blog/trabajo-en-alturas-guia-epp/,200,Trabajo en alturas: guía de EPP | Agencias Nacionales, Trabajo en alturas: guía de EPP ,https://agenciasnacionales.com/articulos-del-blog/trabajo-en-alturas-guia-epp/,,"Trabajo en alturas: define EPP y equipos por tarea, compatibilidad y soportes. Guía para Compras y SST con criterios de recepción, inspección y reposición."
https://agenciasnacionales.com/articulos/,200,Blog de Dotación Industrial | Agencias Nacionales S.A.S,"
Blog
",https://agenciasnacionales.com/articulos/,,"Noticias, guías y consejos sobre uniformes de trabajo, calzado de seguridad y elementos de protección personal para tu empresa."
https://agenciasnacionales.com/categoria/calzado-de-trabajo/,200,Calzado de Seguridad Industrial | Agencias Nacionales S.A.S, Calzado de Seguridad Industrial ,https://agenciasnacionales.com/categoria/calzado-de-trabajo/,,"Botas de seguridad, calzado dieléctrico y antideslizante para trabajo pesado. Puntera de policarbonato, suela PU y resistencia a hidrocarburos."
https://agenciasnacionales.com/categoria/epp/,200,Elementos de Protección Personal (EPP) | Agencias Nacionales S.A.S, Elementos de Protección Personal (EPP) ,https://agenciasnacionales.com/categoria/epp/,,"Cascos, protección visual y auditiva y demás elementos de protección personal certificados para reducir el riesgo laboral en tu operación."
https://agenciasnacionales.com/categoria/gorros-y-redecillas/,200,Gorros y Redecillas de Protección | Agencias Nacionales S.A.S, Gorros y Redecillas de Protección ,https://agenciasnacionales.com/categoria/gorros-y-redecillas/,,"Gorros, cofias y redecillas para industria de alimentos y áreas limpias. Cumplen con los requisitos de higiene y manipulación de alimentos."
https://agenciasnacionales.com/categoria/hospitalaria/,200,Ropa y Dotación Hospitalaria | Agencias Nacionales S.A.S, Ropa y Dotación Hospitalaria ,https://agenciasnacionales.com/categoria/hospitalaria/,,"Uniformes antifluidos, batas y ropa hospitalaria cómoda y resistente a lavados frecuentes para clínicas, laboratorios y consultorios."
https://agenciasnacionales.com/categoria/promocionales/,200,Productos Promocionales Corporativos | Agencias Nacionales S.A.S, Productos Promocionales Corporativos ,https://agenciasnacionales.com/categoria/promocionales/,,"Artículos promocionales y merchandising corporativo personalizado con el logo de tu empresa para campañas, eventos y dotación de personal."
https://agenciasnacionales.com/categoria/uniformes-de-trabajo/,200,Uniformes de Trabajo Industriales | Agencias Nacionales S.A.S, Uniformes de Trabajo Industriales ,https://agenciasnacionales.com/categoria/uniformes-de-trabajo/,,"Uniformes de trabajo en dril y jean, personalizables con bordado o serigrafía. Fabricación propia para empresas en Colombia, con precios por volumen."
https://agenciasnacionales.com/contacto/,200,Contacto y Cotizaciones | Agencias Nacionales S.A.S,"
Contáctanos
",https://agenciasnacionales.com/contacto/,,"Contáctanos para cotizar uniformes de trabajo, calzado de seguridad y EPP para tu empresa. Atención personalizada y precios por volumen en Colombia."
https://agenciasnacionales.com/dotaciones-empresariales-colombia/,200,Dotaciones Empresariales en Colombia | Agencias Nacionales,Dotaciones empresariales para compañías en Colombia,https://agenciasnacionales.com/dotaciones-empresariales-colombia/,,"Dotaciones empresariales para compañías en Colombia: uniformes de trabajo, calzado de seguridad y EPP. Estandariza pedidos por cargo, sede y talla."
https://agenciasnacionales.com/dotaciones-medellin/,200,"Dotaciones en Medellín | Uniformes, Calzado y EPP",Dotaciones empresariales en Medellín,https://agenciasnacionales.com/dotaciones-medellin/,,"Dotaciones empresariales en Medellín: uniformes de trabajo, calzado de seguridad y EPP para empresas. Fabricación, personalización y atención desde Envigado."
https://agenciasnacionales.com/epp-colombia/,200,EPP Colombia | Elementos de Protección Personal para Empresas,Elementos de protección personal para empresas en Colombia,https://agenciasnacionales.com/epp-colombia/,,"EPP en Colombia para empresas: cascos, protección visual y auditiva, guantes, respiradores y más. Cotiza por cantidad con despacho nacional."
https://agenciasnacionales.com/epp-medellin/,200,EPP Medellín | Elementos de Protección Personal,Elementos de protección personal en Medellín,https://agenciasnacionales.com/epp-medellin/,,"EPP en Medellín para empresas: cascos, guantes, protección visual, auditiva y respiratoria. Atención desde Envigado para el Valle de Aburrá."
https://agenciasnacionales.com/faq/,200,Preguntas Frecuentes | Agencias Nacionales S.A.S,"
Preguntas frecuentes
",https://agenciasnacionales.com/faq/,,"Resolvemos tus dudas sobre uniformes personalizados, calzado de seguridad, tiempos de producción, marcación, tallas y pedidos al por mayor."
https://agenciasnacionales.com/nosotros/,200,Sobre Nosotros | Agencias Nacionales S.A.S,"
Sobre Nosotros
",https://agenciasnacionales.com/nosotros/,,"Somos fabricantes colombianos de uniformes y calzado industrial. Conoce nuestra experiencia, procesos de calidad y compromiso con la seguridad de tu equipo."
https://agenciasnacionales.com/politica_ambiental/,200,Política Ambiental | Agencias Nacionales S.A.S,"
Politica ambiental
",https://agenciasnacionales.com/politica_ambiental/,,"Nuestra política ambiental: producción responsable de dotación industrial, uso eficiente de recursos y reducción del impacto en el entorno."
https://agenciasnacionales.com/politica_calidad/,200,Política de Calidad | Agencias Nacionales S.A.S,"
Politica de calidad
",https://agenciasnacionales.com/politica_calidad/,,"Nuestra política de calidad: excelencia en cada uniforme y calzado industrial que fabricamos, con mejora continua y satisfacción del cliente."
https://agenciasnacionales.com/politica_privacidad/,200,Política de Privacidad y Tratamiento de Datos | Agencias Nacionales S.A.S,"
Politica de privacidad
",https://agenciasnacionales.com/politica_privacidad/,,"Cómo Agencias Nacionales S.A.S recolecta, usa y protege tus datos personales conforme a la normativa colombiana de protección de datos."
https://agenciasnacionales.com/politica_seguridad/,200,Política de Seguridad y Salud en el Trabajo | Agencias Nacionales S.A.S,"
Politica seguridad
",https://agenciasnacionales.com/politica_seguridad/,,Nuestra política de seguridad y salud en el trabajo: un ambiente laboral seguro y saludable que prioriza el bienestar de nuestros colaboradores.
https://agenciasnacionales.com/politica_uso/,200,Política de Uso | Agencias Nacionales S.A.S,"
Politica de uso
",https://agenciasnacionales.com/politica_uso/,,"Directrices para el uso seguro y responsable de los equipos, herramientas y elementos de protección personal en el entorno laboral."
https://agenciasnacionales.com/producto/,200,Catálogo de Dotación Industrial | Agencias Nacionales S.A.S,Todos los productos,https://agenciasnacionales.com/producto/,,"Catálogo completo de calzado de seguridad, uniformes de trabajo, EPP y ropa hospitalaria. Fabricación propia y precios por volumen para empresas."
https://agenciasnacionales.com/producto/ambar-mocasin-lona/,200,Ámbar Mocasín (Lona) | Agencias Nacionales S.A.S, Ámbar Mocasín (Lona) ,https://agenciasnacionales.com/producto/ambar-mocasin-lona/,,"Mocasín Ámbar tipo slip-on en lona negra, pensado para brindar comodidad y facilidad al calzar durante la jornada. Sus elásticos laterales, construcción fl…"
https://agenciasnacionales.com/producto/arnes-h/,200,Arnés H | Agencias Nacionales S.A.S, Arnés H ,https://agenciasnacionales.com/producto/arnes-h/,,"Arnés tipo H para trabajos en altura, desarrollado para brindar sujeción y apoyo durante labores de riesgo. Es una pieza clave en sistemas de protección co…"
https://agenciasnacionales.com/producto/bata-de-laboratorio-hospitalaria-manga-corta/,200,Bata de Laboratorio Hospitalaria Manga Corta | Agencias Nacionales S.A.S, Bata de Laboratorio Hospitalaria Manga Corta ,https://agenciasnacionales.com/producto/bata-de-laboratorio-hospitalaria-manga-corta/,,"Bata hospitalaria de manga corta para jornadas más frescas sin perder la imagen institucional. Ideal para laboratorios, clínicas y áreas de atención donde…"
https://agenciasnacionales.com/producto/bata-de-laboratorio-hospitalaria-manga-larga/,200,Bata de Laboratorio Hospitalaria Manga Larga | Agencias Nacionales S.A.S, Bata de Laboratorio Hospitalaria Manga Larga ,https://agenciasnacionales.com/producto/bata-de-laboratorio-hospitalaria-manga-larga/,,"Bata hospitalaria de manga larga pensada para entornos de laboratorio, consulta y atención clínica. Ofrece una presentación limpia y profesional para uso d…"
https://agenciasnacionales.com/producto/blue-jean-dama/,200,Blue Jean Dama | Agencias Nacionales S.A.S, Blue Jean Dama ,https://agenciasnacionales.com/producto/blue-jean-dama/,,"Blue jean para dama con un corte clásico y cómodo, pensado para dotaciones versátiles y resistentes. Es una prenda funcional para jornadas laborales donde…"
https://agenciasnacionales.com/producto/blue-jean-hombre/,200,Blue Jean Hombre | Agencias Nacionales S.A.S, Blue Jean Hombre ,https://agenciasnacionales.com/producto/blue-jean-hombre/,,"Blue jean para hombre con un corte clásico, pensado para dotaciones versátiles y cómodas. Funciona bien como prenda de uniforme para trabajos donde se nece…"
https://agenciasnacionales.com/producto/bolso-promocional-ref-102/,200,Bolso Promocional Ref. 102 | Agencias Nacionales S.A.S, Bolso Promocional Ref. 102 ,https://agenciasnacionales.com/producto/bolso-promocional-ref-102/,,"Bolso promocional práctico y ligero, ideal para campañas de marca, regalos corporativos y uso diario. Su formato funcional permite llevar objetos personale…"
https://agenciasnacionales.com/producto/bolso-promocional-ref-122/,200,Bolso Promocional Ref. 122 | Agencias Nacionales S.A.S, Bolso Promocional Ref. 122 ,https://agenciasnacionales.com/producto/bolso-promocional-ref-122/,,"Bolso promocional con diseño funcional para activaciones de marca, dotaciones y obsequios empresariales. Es una opción versátil para uso casual y material…"
https://agenciasnacionales.com/producto/bolso-promocional-ref-602/,200,Bolso Promocional Ref. 602 | Agencias Nacionales S.A.S, Bolso Promocional Ref. 602 ,https://agenciasnacionales.com/producto/bolso-promocional-ref-602/,,"Bolso promocional de formato compacto, pensado para campañas, eventos y distribución corporativa. Ofrece una solución cómoda para transportar elementos de…"
https://agenciasnacionales.com/producto/bota-de-eva-p-seg-ref-226/,200,Bota de EVA P/Seg. REF: 226 | Agencias Nacionales S.A.S, Bota de EVA P/Seg. REF: 226 ,https://agenciasnacionales.com/producto/bota-de-eva-p-seg-ref-226/,,"Bota blanca de EVA con caña media, diseño moldeado de una pieza y puntera redondeada para uso en ambientes de trabajo. Su suela con tacos profundos aporta…"
https://agenciasnacionales.com/producto/bota-inyectada-p-p-ref-gazella-100-libre-de-metal/,200,Bota Inyectada p/p Ref: Gazella / 100% Libre de Metal | Agencias Nacionales S.A.S, Bota Inyectada p/p Ref: Gazella / 100% Libre de Metal ,https://agenciasnacionales.com/producto/bota-inyectada-p-p-ref-gazella-100-libre-de-metal/,,"Botas Gazella en cuero de 6.0” de altura, con suelas de poliuretano bicolor, diseñadas para ofrecer ligereza y seguridad. Ideales para condiciones donde se…"
https://agenciasnacionales.com/producto/bota-inyectada-p-p-ref-hibrida-100-libre-de-metal/,200,Bota Inyectada p/p Ref: Hibrida / 100% Libre de Metal | Agencias Nacionales S.A.S, Bota Inyectada p/p Ref: Hibrida / 100% Libre de Metal ,https://agenciasnacionales.com/producto/bota-inyectada-p-p-ref-hibrida-100-libre-de-metal/,,"Botas en cuero y lona de 6 pulgadas de altura, con suelas de poliuretano bicolor, diseñadas para ofrecer ligereza y seguridad. Ideales para condiciones don…"
https://agenciasnacionales.com/producto/bota-lisa-nobuck-vulcanizada/,200,Bota Lisa Nobuck Vulcanizada | Agencias Nacionales S.A.S, Bota Lisa Nobuck Vulcanizada ,https://agenciasnacionales.com/producto/bota-lisa-nobuck-vulcanizada/,,"Bota Lisa Nobuck Vulcanizada, diseñada para brindar protección, confort y resistencia en trabajos de soldadura y operaciones industriales. Cuenta con punte…"
https://agenciasnacionales.com/producto/bota-lisa-vulcanizada/,200,Bota Lisa Vulcanizada | Agencias Nacionales S.A.S, Bota Lisa Vulcanizada ,https://agenciasnacionales.com/producto/bota-lisa-vulcanizada/,,"Bota Lisa Vulcanizada, diseñada para brindar protección, confort y resistencia en trabajos de soldadura y operaciones industriales. Cuenta con puntera de p…"
https://agenciasnacionales.com/producto/bota-macha-alta-negra/,200,Bota Macha Alta Negra | Agencias Nacionales S.A.S, Bota Macha Alta Negra ,https://agenciasnacionales.com/producto/bota-macha-alta-negra/,,"Botas La Macha Alta Negra, con doble inyección en PVC, caña negra y suela crepé, diseñadas para brindar mayor confort al caminar y un excelente agarre. Ide…"
https://agenciasnacionales.com/producto/bota-plastica-cana-alta-agricola/,200,Bota Plástica Caña Alta (Agrícola) | Agencias Nacionales S.A.S, Bota Plástica Caña Alta (Agrícola) ,https://agenciasnacionales.com/producto/bota-plastica-cana-alta-agricola/,,"Bota de caña alta fabricada en PVC para uso agrícola y trabajos en campo. Protege contra humedad, barro y contacto con productos químicos del campo."
https://agenciasnacionales.com/producto/bota-soldador-inyectada/,200,Bota Soldador Inyectada | Agencias Nacionales S.A.S, Bota Soldador Inyectada ,https://agenciasnacionales.com/producto/bota-soldador-inyectada/,,"La Bota Soldador Inyectada está diseñada para brindar protección, confort y resistencia en trabajos de soldadura y operaciones industriales. Cuenta con pun…"
https://agenciasnacionales.com/producto/bota-workman-food-industry-blanca/,200,Bota Workman Food Industry Blanca | Agencias Nacionales S.A.S, Bota Workman Food Industry Blanca ,https://agenciasnacionales.com/producto/bota-workman-food-industry-blanca/,,"Bota inyectada en P.V.C 100% impermeable, resistente a ácidos grasos, ideales para industrias de alimentos."
https://agenciasnacionales.com/producto/bota-workman-safety-food-industry-blanca/,200,Bota Workman Safety Food Industry Blanca | Agencias Nacionales S.A.S, Bota Workman Safety Food Industry Blanca ,https://agenciasnacionales.com/producto/bota-workman-safety-food-industry-blanca/,,Este zapato de protección Machita está fabricado con un corte en cuero bovino de alta calidad y cuenta con una puntera de fibras sintéticas que le dan firm…
https://agenciasnacionales.com/producto/bota-workman-safety-waterproof-p-seg-negra/,200,Bota Workman Safety Waterproof P/Seg Negra | Agencias Nacionales S.A.S, Bota Workman Safety Waterproof P/Seg Negra ,https://agenciasnacionales.com/producto/bota-workman-safety-waterproof-p-seg-negra/,,Este zapato de protección Machita está fabricado con un corte en cuero bovino de alta calidad y cuenta con una puntera de fibras sintéticas que le dan firm…
https://agenciasnacionales.com/producto/bota-workman-super-safety-p-seg-plantilla-en-acero/,200,Bota Workman Super Safety P/Seg + Plantilla en Acero | Agencias Nacionales S.A.S, Bota Workman Super Safety P/Seg + Plantilla en Acero ,https://agenciasnacionales.com/producto/bota-workman-super-safety-p-seg-plantilla-en-acero/,,Este zapato de protección Machita está fabricado con un corte en cuero bovino de alta calidad y cuenta con una puntera de fibras sintéticas que le dan firm…
https://agenciasnacionales.com/producto/camisa-dril-azul-oscuro-manga-corta/,200,Camisa Dril Azul Oscuro Manga Corta | Agencias Nacionales S.A.S, Camisa Dril Azul Oscuro Manga Corta ,https://agenciasnacionales.com/producto/camisa-dril-azul-oscuro-manga-corta/,,"Camisa en dril azul oscuro de manga corta, ideal para dotaciones cómodas y resistentes para uso diario. Es una prenda funcional para equipos que buscan una…"
https://agenciasnacionales.com/producto/camisa-dril-azul-oscuro-manga-larga/,200,Camisa Dril Azul Oscuro Manga Larga | Agencias Nacionales S.A.S, Camisa Dril Azul Oscuro Manga Larga ,https://agenciasnacionales.com/producto/camisa-dril-azul-oscuro-manga-larga/,,Camisa en dril azul oscuro de manga larga para uniformes de trabajo con una imagen sobria y profesional. Su confección está pensada para jornadas exigentes…
https://agenciasnacionales.com/producto/camisa-dril-caqui-manga-corta/,200,Camisa Dril Caqui Manga Corta | Agencias Nacionales S.A.S, Camisa Dril Caqui Manga Corta ,https://agenciasnacionales.com/producto/camisa-dril-caqui-manga-corta/,,Camisa en dril caqui de manga corta para dotaciones más frescas sin perder resistencia ni presentación. Una prenda práctica para equipos de trabajo que nec…
https://agenciasnacionales.com/producto/camisa-dril-caqui-manga-larga/,200,Camisa Dril Caqui Manga Larga | Agencias Nacionales S.A.S, Camisa Dril Caqui Manga Larga ,https://agenciasnacionales.com/producto/camisa-dril-caqui-manga-larga/,,"Camisa en dril caqui de manga larga, ideal para dotaciones operativas, empresariales y de campo. Su tela resistente y su color sobrio la convierten en una…"
https://agenciasnacionales.com/producto/camisa-epm/,200,Camisa EPM | Agencias Nacionales S.A.S, Camisa EPM ,https://agenciasnacionales.com/producto/camisa-epm/,,Camisa institucional para dotaciones empresariales con una presentación limpia y uniforme. Pensada para equipos que necesitan identidad corporativa y comod…
https://agenciasnacionales.com/producto/camisa-indigo/,200,Camisa Índigo | Agencias Nacionales S.A.S, Camisa Índigo ,https://agenciasnacionales.com/producto/camisa-indigo/,,Camisa en tono índigo para dotaciones con una apariencia moderna y resistente. Diseñada para jornadas laborales donde se necesita buena presencia y durabil…
https://agenciasnacionales.com/producto/camisa-oxford-hombre/,200,Camisa Oxford Hombre | Agencias Nacionales S.A.S, Camisa Oxford Hombre ,https://agenciasnacionales.com/producto/camisa-oxford-hombre/,,"Camisa oxford para hombre con una imagen formal y profesional, ideal para dotaciones de oficina y atención al cliente. Su estilo clásico la hace perfecta p…"
https://agenciasnacionales.com/producto/camiseta-t-shirt-manga-corta/,200,Camiseta T-Shirt Manga Corta | Agencias Nacionales S.A.S, Camiseta T-Shirt Manga Corta ,https://agenciasnacionales.com/producto/camiseta-t-shirt-manga-corta/,,"Camiseta t-shirt de manga corta para dotaciones ligeras, promociones internas o uso diario de personal. Su corte sencillo permite una personalización fácil…"
https://agenciasnacionales.com/producto/camiseta-t-shirt-manga-larga/,200,Camiseta T-Shirt Manga Larga | Agencias Nacionales S.A.S, Camiseta T-Shirt Manga Larga ,https://agenciasnacionales.com/producto/camiseta-t-shirt-manga-larga/,,Camiseta t-shirt de manga larga para quienes buscan una dotación cómoda con mayor cobertura. Funciona bien en ambientes de trabajo que requieren una prenda…
https://agenciasnacionales.com/producto/camiseta-tipo-polo-manga-corta/,200,Camiseta Tipo Polo Manga Corta | Agencias Nacionales S.A.S, Camiseta Tipo Polo Manga Corta ,https://agenciasnacionales.com/producto/camiseta-tipo-polo-manga-corta/,,"Camiseta tipo polo de manga corta para dotaciones casuales y corporativas, con una imagen limpia y profesional. Perfecta para equipos que requieren comodid…"
https://agenciasnacionales.com/producto/camiseta-tipo-polo-manga-larga/,200,Camiseta Tipo Polo Manga Larga | Agencias Nacionales S.A.S, Camiseta Tipo Polo Manga Larga ,https://agenciasnacionales.com/producto/camiseta-tipo-polo-manga-larga/,,"Camiseta tipo polo de manga larga para dotación, ideal cuando se requiere mayor cobertura sin perder una imagen corporativa. Es una opción versátil para di…"
https://agenciasnacionales.com/producto/careta-para-esmeril/,200,Careta para Esmeril | Agencias Nacionales S.A.S, Careta para Esmeril ,https://agenciasnacionales.com/producto/careta-para-esmeril/,,Careta de protección facial pensada para trabajos con esmeril y labores donde puedan generarse partículas o chispas. Ayuda a resguardar el rostro durante t…
https://agenciasnacionales.com/producto/casco-de-seguridad/,200,Casco de Seguridad | Agencias Nacionales S.A.S, Casco de Seguridad ,https://agenciasnacionales.com/producto/casco-de-seguridad/,,"Casco de seguridad industrial certificado, diseñado para proteger la cabeza de impactos y objetos en caída en entornos de construcción e industria."
https://agenciasnacionales.com/producto/casco-dielectrico/,200,Casco Dieléctrico | Agencias Nacionales S.A.S, Casco Dieléctrico ,https://agenciasnacionales.com/producto/casco-dielectrico/,,Casco dieléctrico diseñado para entornos donde se requiere protección adicional frente a riesgos eléctricos. Su construcción ayuda a complementar protocolo…
https://agenciasnacionales.com/producto/casco-eco/,200,Casco ECO | Agencias Nacionales S.A.S, Casco ECO ,https://agenciasnacionales.com/producto/casco-eco/,,Casco de seguridad liviano para trabajos generales donde se necesita protección básica con buena comodidad. Es una opción práctica para dotaciones de uso d…
https://agenciasnacionales.com/producto/casco-mountain/,200,Casco Mountain | Agencias Nacionales S.A.S, Casco Mountain ,https://agenciasnacionales.com/producto/casco-mountain/,,"Casco de seguridad para tareas generales de protección, con una presentación robusta y funcional. Adecuado para actividades operativas y de inspección."
https://agenciasnacionales.com/producto/casco-ref-1300e/,200,Casco Ref. 1300E | Agencias Nacionales S.A.S, Casco Ref. 1300E ,https://agenciasnacionales.com/producto/casco-ref-1300e/,,"Casco de seguridad tipo industrial para labores de alto uso, con una estructura pensada para brindar protección y comodidad. Ideal para equipos de construc…"
https://agenciasnacionales.com/producto/chaleco-reflectivo/,200,Chaleco Reflectivo | Agencias Nacionales S.A.S, Chaleco Reflectivo ,https://agenciasnacionales.com/producto/chaleco-reflectivo/,,"Chaleco reflectivo para mejorar la visibilidad en zonas de operación, tránsito interno o labores nocturnas. Ideal para dotaciones de señalización y segurid…"
https://agenciasnacionales.com/producto/conjunto-antifluido-cierre-frontal-dama/,200,Conjunto Antifluido Cierre Frontal Dama | Agencias Nacionales S.A.S, Conjunto Antifluido Cierre Frontal Dama ,https://agenciasnacionales.com/producto/conjunto-antifluido-cierre-frontal-dama/,,"Conjunto antifluido para dama con cierre frontal, ideal para clínicas, consultorios y áreas de cuidado. Su diseño busca facilidad de uso y una imagen insti…"
https://agenciasnacionales.com/producto/conjunto-antifluido-cierre-lateral-cindy-dama/,200,Conjunto Antifluido Cierre Lateral Cindy Dama | Agencias Nacionales S.A.S, Conjunto Antifluido Cierre Lateral Cindy Dama ,https://agenciasnacionales.com/producto/conjunto-antifluido-cierre-lateral-cindy-dama/,,"Conjunto antifluido para dama con cierre lateral, pensado para ambientes hospitalarios y de atención clínica. Ofrece una presentación limpia y protección l…"
https://agenciasnacionales.com/producto/conjunto-antifluido-cuello-v-cx-dama/,200,Conjunto Antifluido Cuello V CX Dama | Agencias Nacionales S.A.S, Conjunto Antifluido Cuello V CX Dama ,https://agenciasnacionales.com/producto/conjunto-antifluido-cuello-v-cx-dama/,,"Conjunto antifluido para dama con cuello en V CX, creado para entornos de salud y apoyo clínico. Es una opción funcional para jornadas de trabajo continuas."
https://agenciasnacionales.com/producto/conjunto-antifluido-cuello-v-cx-hombre/,200,Conjunto Antifluido Cuello V CX Hombre | Agencias Nacionales S.A.S, Conjunto Antifluido Cuello V CX Hombre ,https://agenciasnacionales.com/producto/conjunto-antifluido-cuello-v-cx-hombre/,,"Conjunto antifluido para hombre con cuello V CX, diseñado para dotación hospitalaria y clínica. Aporta una presentación sobria y comodidad durante el uso c…"
https://agenciasnacionales.com/producto/conjunto-antifluido-licrado-celeste-dama/,200,Conjunto Antifluido Licrado Celeste Dama | Agencias Nacionales S.A.S, Conjunto Antifluido Licrado Celeste Dama ,https://agenciasnacionales.com/producto/conjunto-antifluido-licrado-celeste-dama/,,Conjunto antifluido licrado en color celeste para una presentación limpia y profesional. Adecuado para entornos clínicos y de atención al paciente.
https://agenciasnacionales.com/producto/conjunto-antifluido-licrado-cuello-en-v-larry-hombre/,200,Conjunto Antifluido Licrado Cuello En V Larry Hombre | Agencias Nacionales S.A.S, Conjunto Antifluido Licrado Cuello En V Larry Hombre ,https://agenciasnacionales.com/producto/conjunto-antifluido-licrado-cuello-en-v-larry-hombre/,,"Conjunto antifluido licrado para hombre con cuello en V, orientado a dotación hospitalaria cómoda y funcional. Muy útil en áreas de atención, consulta y ap…"
https://agenciasnacionales.com/producto/conjunto-antifluido-licrado-cuello-redondo-con-bolsillo-violet-dama/,200,Conjunto Antifluido Licrado Cuello Redondo con Bolsillo Violet Dama | Agencias Nacionales S.A.S, Conjunto Antifluido Licrado Cuello Redondo con Bolsillo Violet Dama ,https://agenciasnacionales.com/producto/conjunto-antifluido-licrado-cuello-redondo-con-bolsillo-violet-dama/,,"Conjunto antifluido licrado para dama con cuello redondo y bolsillo, pensado para uso hospitalario diario. Ofrece practicidad sin perder una presentación p…"
https://agenciasnacionales.com/producto/conjunto-antifluido-licrado-cuello-v/,200,Conjunto Antifluido Licrado Cuello V | Agencias Nacionales S.A.S, Conjunto Antifluido Licrado Cuello V ,https://agenciasnacionales.com/producto/conjunto-antifluido-licrado-cuello-v/,,Conjunto antifluido licrado con cuello en V para dotación hospitalaria y atención al público. Su confección busca comodidad y una imagen profesional.
https://agenciasnacionales.com/producto/conjunto-antifluido-licrado-dalia-dama/,200,Conjunto Antifluido Licrado Dalia Dama | Agencias Nacionales S.A.S, Conjunto Antifluido Licrado Dalia Dama ,https://agenciasnacionales.com/producto/conjunto-antifluido-licrado-dalia-dama/,,Conjunto antifluido licrado para dama con una confección flexible y cómoda para uso hospitalario. Pensado para jornadas prolongadas donde se necesita movil…
https://agenciasnacionales.com/producto/delantal-pvc/,200,Delantal PVC | Agencias Nacionales S.A.S, Delantal PVC ,https://agenciasnacionales.com/producto/delantal-pvc/,,"Delantal en PVC pensado para proteger la ropa en tareas con humedad, salpicaduras o manipulación de materiales. Muy útil en labores de limpieza, procesos i…"
https://agenciasnacionales.com/producto/deportivo-casual-ref-964/,200,Deportivo Casual REF: 964 | Agencias Nacionales S.A.S, Deportivo Casual REF: 964 ,https://agenciasnacionales.com/producto/deportivo-casual-ref-964/,,"Tenis deportivo casual en negro con cordones, paneles sintéticos cosidos y cuello acolchado para un ajuste cómodo. Su suela negra texturizada brinda estabi…"
https://agenciasnacionales.com/producto/gorro-corto-en-dacron-ref-11/,200,Gorro Corto en Dacrón Ref. 11 | Agencias Nacionales S.A.S, Gorro Corto en Dacrón Ref. 11 ,https://agenciasnacionales.com/producto/gorro-corto-en-dacron-ref-11/,,Gorro corto en dacrón para mantener una presentación limpia y práctica durante la jornada. Es útil en ambientes donde se requiere orden e higiene.
https://agenciasnacionales.com/producto/gorro-largo-en-dacron-ref-12/,200,Gorro Largo en Dacrón Ref. 12 | Agencias Nacionales S.A.S, Gorro Largo en Dacrón Ref. 12 ,https://agenciasnacionales.com/producto/gorro-largo-en-dacron-ref-12/,,Gorro largo en dacrón con mayor cobertura para contener mejor el cabello durante el trabajo. Ideal para procesos que requieren mayor control y presentación.
https://agenciasnacionales.com/producto/gorro-quirurgico/,200,Gorro Quirúrgico | Agencias Nacionales S.A.S, Gorro Quirúrgico ,https://agenciasnacionales.com/producto/gorro-quirurgico/,,Gorro quirúrgico diseñado para mantener el cabello contenido en ambientes clínicos y de procedimiento. Es una prenda práctica para garantizar orden e higie…
https://agenciasnacionales.com/producto/gorro-redondo-en-dacron-ref-13/,200,Gorro Redondo en Dacrón Ref. 13 | Agencias Nacionales S.A.S, Gorro Redondo en Dacrón Ref. 13 ,https://agenciasnacionales.com/producto/gorro-redondo-en-dacron-ref-13/,,"Gorro redondo en dacrón con una confección ligera y funcional para mantener el cabello recogido. Adecuado para labores de producción, cocina o áreas de ser…"
https://agenciasnacionales.com/producto/gorro-tipo-medico-ref-14/,200,Gorro Tipo Médico Ref. 14 | Agencias Nacionales S.A.S, Gorro Tipo Médico Ref. 14 ,https://agenciasnacionales.com/producto/gorro-tipo-medico-ref-14/,,Gorro tipo médico pensado para mantener el cabello contenido en entornos de higiene y manipulación controlada. Es una opción práctica para dotaciones de sa…
https://agenciasnacionales.com/producto/guante-de-tela-tipo-comun/,200,Guante de Tela Tipo Común | Agencias Nacionales S.A.S, Guante de Tela Tipo Común ,https://agenciasnacionales.com/producto/guante-de-tela-tipo-comun/,,Guante de tela para tareas livianas donde se necesita una barrera básica y comodidad. Es una alternativa práctica para trabajos sencillos o de apoyo.
https://agenciasnacionales.com/producto/guantes-con-recubrimiento-de-caucho/,200,Guantes con Recubrimiento de Caucho | Agencias Nacionales S.A.S, Guantes con Recubrimiento de Caucho ,https://agenciasnacionales.com/producto/guantes-con-recubrimiento-de-caucho/,,Guantes con recubrimiento de caucho para labores donde se necesita mayor agarre y protección en el manejo de superficies. Una opción versátil para trabajos…
https://agenciasnacionales.com/producto/guantes-en-caucho-calibre-25/,200,Guantes en Caucho Calibre 25 | Agencias Nacionales S.A.S, Guantes en Caucho Calibre 25 ,https://agenciasnacionales.com/producto/guantes-en-caucho-calibre-25/,,Guantes en caucho calibre 25 para tareas de protección frente a humedad y manipulación de materiales. Funcionan bien en labores de limpieza y trabajo ligero.
https://agenciasnacionales.com/producto/guantes-en-cuero-reforzado/,200,Guantes en Cuero Reforzado | Agencias Nacionales S.A.S, Guantes en Cuero Reforzado ,https://agenciasnacionales.com/producto/guantes-en-cuero-reforzado/,,Guantes en cuero reforzado para trabajos que demandan protección mecánica y durabilidad. Son útiles en actividades operativas y de manipulación de carga.
https://agenciasnacionales.com/producto/guantes-en-cuero-tipo-ingeniero/,200,Guantes en Cuero Tipo Ingeniero | Agencias Nacionales S.A.S, Guantes en Cuero Tipo Ingeniero ,https://agenciasnacionales.com/producto/guantes-en-cuero-tipo-ingeniero/,,Guantes de cuero tipo ingeniero para labores que requieren protección y resistencia al desgaste. Ideales para uso técnico y operativo.
https://agenciasnacionales.com/producto/guantes-kimberly-ref-g20p/,200,Guantes Kimberly Ref. G20P | Agencias Nacionales S.A.S, Guantes Kimberly Ref. G20P ,https://agenciasnacionales.com/producto/guantes-kimberly-ref-g20p/,,Guantes de protección para tareas generales con un diseño orientado al trabajo diario. Aportan comodidad y apoyo en labores de manipulación.
https://agenciasnacionales.com/producto/guantex-multiflex-steelpro/,200,Guantex Multiflex Steelpro | Agencias Nacionales S.A.S, Guantex Multiflex Steelpro ,https://agenciasnacionales.com/producto/guantex-multiflex-steelpro/,,Guante de protección para tareas que requieren destreza y agarre durante la manipulación de materiales. Pensado para uso operativo y labores generales.
https://agenciasnacionales.com/producto/mocasin-ambar-cordon-lona/,200,Mocasín Ámbar Cordón (Lona) | Agencias Nacionales S.A.S, Mocasín Ámbar Cordón (Lona) ,https://agenciasnacionales.com/producto/mocasin-ambar-cordon-lona/,,"Mocasín Ámbar de diseño bajo en lona negra con cordones blancos, pensado para brindar comodidad y ligereza durante la jornada. Su construcción flexible y s…"
https://agenciasnacionales.com/producto/mocasin-dama-cementado-ref-5050/,200,Mocasín Dama Cementado REF: 5050 | Agencias Nacionales S.A.S, Mocasín Dama Cementado REF: 5050 ,https://agenciasnacionales.com/producto/mocasin-dama-cementado-ref-5050/,,"Mocasín para dama en material negro liso, con diseño slip-on y elásticos laterales para un calce cómodo y práctico. Su construcción cementada y suela baja…"
https://agenciasnacionales.com/producto/mocasin-dama-cementado-ref-juanita/,200,Mocasín Dama Cementado REF: Juanita | Agencias Nacionales S.A.S, Mocasín Dama Cementado REF: Juanita ,https://agenciasnacionales.com/producto/mocasin-dama-cementado-ref-juanita/,,"Mocasín para dama en material negro texturizado, con diseño slip-on y elásticos laterales para un calce cómodo y práctico. Su construcción cementada y suel…"
https://agenciasnacionales.com/producto/mocasin-lona-gala-medio-tacon-ref-292/,200,"Mocasín Lona Gala, Medio Tacón REF: 292 | Agencias Nacionales S.A.S"," Mocasín Lona Gala, Medio Tacón REF: 292 ",https://agenciasnacionales.com/producto/mocasin-lona-gala-medio-tacon-ref-292/,,"Mocasín Gala en lona negra con diseño slip-on y elásticos laterales, pensado para ofrecer un calce práctico y cómodo durante la jornada. Su tacón medio tip…"
https://agenciasnacionales.com/producto/mocasin-lona-medio-tacon-ref-248/,200,Mocasín Lona Medio Tacón REF: 248 | Agencias Nacionales S.A.S, Mocasín Lona Medio Tacón REF: 248 ,https://agenciasnacionales.com/producto/mocasin-lona-medio-tacon-ref-248/,,"Mocasín en lona negra con diseño slip-on y elásticos laterales, pensado para un calce práctico y cómodo durante la jornada. Su suela negra de medio tacón c…"
https://agenciasnacionales.com/producto/mocasin-lona-ref-206/,200,Mocasín Lona REF: 206 | Agencias Nacionales S.A.S, Mocasín Lona REF: 206 ,https://agenciasnacionales.com/producto/mocasin-lona-ref-206/,,"Mocasín en lona negra con diseño slip-on y elásticos laterales, pensado para un calce práctico y cómodo durante la jornada. Su suela de caucho negra con ac…"
https://agenciasnacionales.com/producto/mocasin-lona-tacon-3-ref-217/,200,Mocasín Lona Tacón 3½ REF: 217 | Agencias Nacionales S.A.S, Mocasín Lona Tacón 3½ REF: 217 ,https://agenciasnacionales.com/producto/mocasin-lona-tacon-3-ref-217/,,"Mocasín en lona azul oscuro con diseño slip-on, elásticos laterales y costura tipo moc-toe para un calce práctico y cómodo. Su tacón negro de 3½ cm ofrece…"
https://agenciasnacionales.com/producto/morral-promocional-ref-029/,200,Morral Promocional Ref. 029 | Agencias Nacionales S.A.S, Morral Promocional Ref. 029 ,https://agenciasnacionales.com/producto/morral-promocional-ref-029/,,"Morral promocional con diseño funcional para campañas de marca, uso estudiantil o dotaciones corporativas. Su formato permite transportar objetos con comod…"
https://agenciasnacionales.com/producto/morral-promocional-ref-035/,200,Morral Promocional Ref. 035 | Agencias Nacionales S.A.S, Morral Promocional Ref. 035 ,https://agenciasnacionales.com/producto/morral-promocional-ref-035/,,"Morral promocional ideal para obsequios empresariales, actividades de marca y uso cotidiano. Combina practicidad con una presentación sencilla y funcional."
https://agenciasnacionales.com/producto/morral-promocional-ref-062/,200,Morral Promocional Ref. 062 | Agencias Nacionales S.A.S, Morral Promocional Ref. 062 ,https://agenciasnacionales.com/producto/morral-promocional-ref-062/,,"Morral promocional pensado para campañas de marca y uso diario, con una estructura cómoda y resistente. Es una excelente opción para entregas corporativas…"
https://agenciasnacionales.com/producto/morral-promocional-ref-080/,200,Morral Promocional Ref. 080 | Agencias Nacionales S.A.S, Morral Promocional Ref. 080 ,https://agenciasnacionales.com/producto/morral-promocional-ref-080/,,"Morral promocional con formato versátil para dotaciones, activaciones y regalos empresariales. Su diseño permite un uso cómodo en el día a día."
https://agenciasnacionales.com/producto/morral-promocional-ref-100/,200,Morral Promocional Ref. 100 | Agencias Nacionales S.A.S, Morral Promocional Ref. 100 ,https://agenciasnacionales.com/producto/morral-promocional-ref-100/,,"Morral promocional de uso práctico para campañas, ferias y material de marca. Pensado para ofrecer funcionalidad y buena presentación en un solo producto."
https://agenciasnacionales.com/producto/morral-promocional-ref-101/,200,Morral Promocional Ref. 101 | Agencias Nacionales S.A.S, Morral Promocional Ref. 101 ,https://agenciasnacionales.com/producto/morral-promocional-ref-101/,,Morral promocional con estilo funcional para actividades corporativas y uso diario. Una alternativa útil para obsequios empresariales y campañas de fideliz…
https://agenciasnacionales.com/producto/morral-promocional-ref-111/,200,Morral Promocional Ref. 111 | Agencias Nacionales S.A.S, Morral Promocional Ref. 111 ,https://agenciasnacionales.com/producto/morral-promocional-ref-111/,,Morral promocional pensado para acompañar actividades de marca y dotaciones casuales. Su formato práctico lo hace útil para diferentes necesidades.
https://agenciasnacionales.com/producto/morral-promocional-ref-113/,200,Morral Promocional Ref. 113 | Agencias Nacionales S.A.S, Morral Promocional Ref. 113 ,https://agenciasnacionales.com/producto/morral-promocional-ref-113/,,Morral promocional con enfoque funcional para campañas publicitarias y uso cotidiano. Ideal para empresas que buscan una opción práctica y presentable.
https://agenciasnacionales.com/producto/morral-promocional-ref-116/,200,Morral Promocional Ref. 116 | Agencias Nacionales S.A.S, Morral Promocional Ref. 116 ,https://agenciasnacionales.com/producto/morral-promocional-ref-116/,,"Morral promocional de alta utilidad para eventos, regalos empresariales y actividades de marca. Ofrece un equilibrio entre comodidad y capacidad de uso dia…"
https://agenciasnacionales.com/producto/morral-promocional-ref-121/,200,Morral Promocional Ref. 121 | Agencias Nacionales S.A.S, Morral Promocional Ref. 121 ,https://agenciasnacionales.com/producto/morral-promocional-ref-121/,,"Morral promocional ideal para campañas de posicionamiento, obsequios y dotación casual. Es una pieza práctica para transportar artículos personales con com…"
https://agenciasnacionales.com/producto/morral-promocional-ref-804/,200,Morral Promocional Ref. 804 | Agencias Nacionales S.A.S, Morral Promocional Ref. 804 ,https://agenciasnacionales.com/producto/morral-promocional-ref-804/,,Morral promocional con un diseño útil para campañas de marca y uso regular. Pensado para ofrecer practicidad en ambientes empresariales y cotidianos.
https://agenciasnacionales.com/producto/overol-azul-oscuro/,200,Overol Azul Oscuro | Agencias Nacionales S.A.S, Overol Azul Oscuro ,https://agenciasnacionales.com/producto/overol-azul-oscuro/,,"Overol en color azul oscuro pensado para labores operativas donde se necesita una prenda integral, resistente y cómoda. Ideal para equipos de mantenimiento…"
https://agenciasnacionales.com/producto/pantalon-dril-azul-oscuro/,200,Pantalón Dril Azul Oscuro | Agencias Nacionales S.A.S, Pantalón Dril Azul Oscuro ,https://agenciasnacionales.com/producto/pantalon-dril-azul-oscuro/,,"Pantalón en dril azul oscuro para dotaciones corporativas, con una presentación sobria y un acabado resistente. Sus diferentes ángulos permiten apreciar me…"
https://agenciasnacionales.com/producto/pantalon-dril-caqui/,200,Pantalón Dril Caqui | Agencias Nacionales S.A.S, Pantalón Dril Caqui ,https://agenciasnacionales.com/producto/pantalon-dril-caqui/,,"Pantalón en dril color caqui, pensado para dotaciones funcionales que necesitan resistencia y una apariencia sobria. Es una prenda versátil para empresas q…"
https://agenciasnacionales.com/producto/pantalon-epm/,200,Pantalón EPM | Agencias Nacionales S.A.S, Pantalón EPM ,https://agenciasnacionales.com/producto/pantalon-epm/,,"Pantalón de dotación con acabado profesional, ideal para uniformes institucionales y corporativos. Su diseño busca comodidad, resistencia y una silueta lim…"
https://agenciasnacionales.com/producto/pava-en-dril-con-solapa/,200,Pava en Dril con Solapa | Agencias Nacionales S.A.S, Pava en Dril con Solapa ,https://agenciasnacionales.com/producto/pava-en-dril-con-solapa/,,"Pava elaborada en dril con solapa, pensada para brindar cobertura y una presentación uniforme para equipos de trabajo. Es una prenda práctica para dotacion…"
https://agenciasnacionales.com/producto/pava-epm/,200,Pava EPM | Agencias Nacionales S.A.S, Pava EPM ,https://agenciasnacionales.com/producto/pava-epm/,,"Pava en dril desarrollada para dotaciones institucionales y de operación, con una confección resistente y cómoda para uso diario. Su diseño se adapta a lab…"
https://agenciasnacionales.com/producto/polainas-hospitalarias/,200,Polainas Hospitalarias | Agencias Nacionales S.A.S, Polainas Hospitalarias ,https://agenciasnacionales.com/producto/polainas-hospitalarias/,,"Polainas hospitalarias para apoyo en el control de ingreso de partículas y preservación de la higiene en áreas limpias. Ideales para uso en clínicas, labor…"
https://agenciasnacionales.com/producto/redecilla-balaca-en-dacron-ref-09/,200,Redecilla Balaca en Dacrón Ref. 09 | Agencias Nacionales S.A.S, Redecilla Balaca en Dacrón Ref. 09 ,https://agenciasnacionales.com/producto/redecilla-balaca-en-dacron-ref-09/,,Redecilla tipo balaca en dacrón para mantener el cabello sujeto con una presentación limpia. Útil en ambientes donde se necesita control y comodidad al mis…
https://agenciasnacionales.com/producto/redecilla-corta-franela-ref-06/,200,Redecilla Corta Franela Ref. 06 | Agencias Nacionales S.A.S, Redecilla Corta Franela Ref. 06 ,https://agenciasnacionales.com/producto/redecilla-corta-franela-ref-06/,,Redecilla corta en franela para un uso sencillo y cómodo durante la jornada. Pensada para dotaciones que buscan practicidad y suavidad.
https://agenciasnacionales.com/producto/redecilla-corta-lycra-ref-06/,200,Redecilla Corta Lycra Ref. 06 | Agencias Nacionales S.A.S, Redecilla Corta Lycra Ref. 06 ,https://agenciasnacionales.com/producto/redecilla-corta-lycra-ref-06/,,Redecilla corta en lycra con ajuste cómodo y flexible para mantener el cabello recogido. Es una alternativa práctica para diferentes tipos de dotación.
https://agenciasnacionales.com/producto/redecilla-corta-velillo-cristal-ref-06/,200,Redecilla Corta Velillo Cristal Ref. 06 | Agencias Nacionales S.A.S, Redecilla Corta Velillo Cristal Ref. 06 ,https://agenciasnacionales.com/producto/redecilla-corta-velillo-cristal-ref-06/,,Redecilla corta en velillo cristal para una solución simple y cómoda de control de cabello. Ideal para uso operativo diario.
https://agenciasnacionales.com/producto/redecilla-larga-1-velillo-cristal-ref-07/,200,Redecilla Larga 1 Velillo Cristal Ref. 07 | Agencias Nacionales S.A.S, Redecilla Larga 1 Velillo Cristal Ref. 07 ,https://agenciasnacionales.com/producto/redecilla-larga-1-velillo-cristal-ref-07/,,Redecilla larga de velillo cristal para recogido amplio y seguro del cabello. Adecuada para entornos que priorizan higiene y presentación.
https://agenciasnacionales.com/producto/redecilla-larga-en-lycra-ref-25/,200,Redecilla Larga en Lycra Ref. 25 | Agencias Nacionales S.A.S, Redecilla Larga en Lycra Ref. 25 ,https://agenciasnacionales.com/producto/redecilla-larga-en-lycra-ref-25/,,Redecilla larga en lycra con mayor cobertura para mantener el cabello bien contenido. Una opción flexible y práctica para uso continuo.
https://agenciasnacionales.com/producto/redecilla-suave-ref-02/,200,Redecilla Suave Ref. 02 | Agencias Nacionales S.A.S, Redecilla Suave Ref. 02 ,https://agenciasnacionales.com/producto/redecilla-suave-ref-02/,,Redecilla suave para una sujeción cómoda del cabello durante la jornada. Pensada para labores donde la ligereza es importante.
https://agenciasnacionales.com/producto/redecilla-tull-ref-04/,200,Redecilla Tull Ref. 04 | Agencias Nacionales S.A.S, Redecilla Tull Ref. 04 ,https://agenciasnacionales.com/producto/redecilla-tull-ref-04/,,Redecilla en tull para control de cabello en ambientes de trabajo que requieren orden e higiene. Es ligera y cómoda para uso prolongado.
https://agenciasnacionales.com/producto/redecilla-velillo-cristal-blanca-ref-03/,200,Redecilla Velillo Cristal Blanca Ref. 03 | Agencias Nacionales S.A.S, Redecilla Velillo Cristal Blanca Ref. 03 ,https://agenciasnacionales.com/producto/redecilla-velillo-cristal-blanca-ref-03/,,"Redecilla de velillo cristal en color blanco para recogido ligero y discreto del cabello. Muy usada en procesos de alimentos, salud y áreas limpias."
https://agenciasnacionales.com/producto/redecilla-velillo-cristal-negra-ref-05/,200,Redecilla Velillo Cristal Negra Ref. 05 | Agencias Nacionales S.A.S, Redecilla Velillo Cristal Negra Ref. 05 ,https://agenciasnacionales.com/producto/redecilla-velillo-cristal-negra-ref-05/,,Redecilla de velillo cristal en color negro para una presentación sobria y práctica. Ayuda a contener el cabello sin perder comodidad.
https://agenciasnacionales.com/producto/respirador-kn95/,200,Respirador KN95 | Agencias Nacionales S.A.S, Respirador KN95 ,https://agenciasnacionales.com/producto/respirador-kn95/,,Respirador de alta filtración para protección respiratoria en ambientes con exposición a partículas. Diseñado para brindar un ajuste cómodo durante la jorn…
https://agenciasnacionales.com/producto/rex-cordon-tipo-vans-lona/,200,Rex Cordón Tipo Vans (Lona) | Agencias Nacionales S.A.S, Rex Cordón Tipo Vans (Lona) ,https://agenciasnacionales.com/producto/rex-cordon-tipo-vans-lona/,,"Tenis Rex tipo Vans de diseño bajo en lona negra con cordones, pensado para brindar comodidad y resistencia durante la jornada. Su construcción monocromáti…"
https://agenciasnacionales.com/producto/rex-mocasin-tipo-vans-lona/,200,Rex Mocasín Tipo Vans (Lona) | Agencias Nacionales S.A.S, Rex Mocasín Tipo Vans (Lona) ,https://agenciasnacionales.com/producto/rex-mocasin-tipo-vans-lona/,,"Mocasín Rex tipo Vans en lona negra, pensado para brindar comodidad y facilidad al calzar durante la jornada. Sus elásticos laterales y su suela de caucho…"
https://agenciasnacionales.com/producto/rinonera-promocional-ref-801/,200,Riñonera Promocional Ref. 801 | Agencias Nacionales S.A.S, Riñonera Promocional Ref. 801 ,https://agenciasnacionales.com/producto/rinonera-promocional-ref-801/,,"Riñonera promocional práctica y cómoda para eventos, campañas publicitarias y uso diario. Su formato compacto la convierte en una opción funcional para lle…"
https://agenciasnacionales.com/producto/rinonera-promocional-ref-802/,200,Riñonera Promocional Ref. 802 | Agencias Nacionales S.A.S, Riñonera Promocional Ref. 802 ,https://agenciasnacionales.com/producto/rinonera-promocional-ref-802/,,"Riñonera promocional de uso versátil para campañas de marca, obsequios y actividades al aire libre. Ofrece comodidad y practicidad en un formato liviano y…"
https://agenciasnacionales.com/producto/saco-blanco-clasico/,200,Saco Blanco Clásico | Agencias Nacionales S.A.S, Saco Blanco Clásico ,https://agenciasnacionales.com/producto/saco-blanco-clasico/,,"Saco clásico en color blanco, diseñado para presentaciones limpias y uniformes de trabajo que requieren una imagen impecable y profesional. Su corte cómodo…"
https://agenciasnacionales.com/producto/silla-de-suspension/,200,Silla de Suspensión | Agencias Nacionales S.A.S, Silla de Suspensión ,https://agenciasnacionales.com/producto/silla-de-suspension/,,Silla de suspensión para maniobras de trabajo en altura y posicionamiento temporal en tareas específicas. Diseñada para aportar soporte y estabilidad en op…
https://agenciasnacionales.com/producto/tapon-auditivo-reutilizable/,200,Tapón Auditivo Reutilizable | Agencias Nacionales S.A.S, Tapón Auditivo Reutilizable ,https://agenciasnacionales.com/producto/tapon-auditivo-reutilizable/,,Tapón auditivo reutilizable para reducir la exposición al ruido en ambientes de trabajo exigentes. Su formato busca comodidad y uso prolongado.
https://agenciasnacionales.com/producto/tapon-para-oidos-desechable-sin-cordon/,200,Tapón para Oídos Desechable sin Cordón | Agencias Nacionales S.A.S, Tapón para Oídos Desechable sin Cordón ,https://agenciasnacionales.com/producto/tapon-para-oidos-desechable-sin-cordon/,,Tapón auditivo desechable para una solución práctica en ambientes con ruido constante. Es ideal para entregas rápidas y uso puntual.
https://agenciasnacionales.com/producto/tenis-botin-suela-flow/,200,Tenis Botín Suela Flow | Agencias Nacionales S.A.S, Tenis Botín Suela Flow ,https://agenciasnacionales.com/producto/tenis-botin-suela-flow/,,"Tenis botín en tejido negro con caña tipo calcetín, diseñado para ofrecer un ajuste flexible y cómodo durante la jornada. Su suela Flow blanca de perfil al…"
https://agenciasnacionales.com/producto/tenis-botin-suela-jordan/,200,Tenis Botín Suela Jordan | Agencias Nacionales S.A.S, Tenis Botín Suela Jordan ,https://agenciasnacionales.com/producto/tenis-botin-suela-jordan/,,"Tenis botín en tejido negro con caña tipo calcetín y diseño slip-on, pensado para brindar comodidad y ajuste flexible durante la jornada. Su suela Jordan b…"
https://agenciasnacionales.com/producto/tenis-clasico-ares-alto-lona/,200,Tenis Clásico Ares Alto (Lona) | Agencias Nacionales S.A.S, Tenis Clásico Ares Alto (Lona) ,https://agenciasnacionales.com/producto/tenis-clasico-ares-alto-lona/,,"Tenis clásico Ares de diseño alto en lona negra con cordones blancos, pensado para brindar comodidad y mayor cobertura durante la jornada. Sus costuras en…"
https://agenciasnacionales.com/producto/tenis-clasico-ares-bajo-lona/,200,Tenis Clásico Ares Bajo (Lona) | Agencias Nacionales S.A.S, Tenis Clásico Ares Bajo (Lona) ,https://agenciasnacionales.com/producto/tenis-clasico-ares-bajo-lona/,,"Tenis clásico Ares de diseño bajo en lona negra con cordones blancos, pensado para brindar comodidad y libertad de movimiento durante la jornada. Sus costu…"
https://agenciasnacionales.com/producto/tenis-clasico-tipo-reebok-prin/,200,Tenis Clásico Tipo Reebok Prin | Agencias Nacionales S.A.S, Tenis Clásico Tipo Reebok Prin ,https://agenciasnacionales.com/producto/tenis-clasico-tipo-reebok-prin/,,"Tenis clásico tipo Reebok Prin de diseño bajo en color negro, pensado para brindar comodidad y una presentación sobria durante la jornada. Su capellada sin…"
https://agenciasnacionales.com/producto/tenis-clasico-zeus-alto-lona/,200,Tenis Clásico Zeus Alto (Lona) | Agencias Nacionales S.A.S, Tenis Clásico Zeus Alto (Lona) ,https://agenciasnacionales.com/producto/tenis-clasico-zeus-alto-lona/,,"Tenis clásico Zeus de diseño alto en lona negra con cordones, pensado para ofrecer comodidad y mayor cobertura durante la jornada. Su construcción monocrom…"
https://agenciasnacionales.com/producto/tenis-clasico-zeus-bajo-lona/,200,Tenis Clásico Zeus Bajo (Lona) | Agencias Nacionales S.A.S, Tenis Clásico Zeus Bajo (Lona) ,https://agenciasnacionales.com/producto/tenis-clasico-zeus-bajo-lona/,,"Tenis clásico Zeus de diseño bajo en lona negra con cordones, pensado para brindar comodidad y libertad de movimiento durante la jornada. Su construcción m…"
https://agenciasnacionales.com/producto/tenis-deportivo-alto/,200,Tenis Deportivo Alto | Agencias Nacionales S.A.S, Tenis Deportivo Alto ,https://agenciasnacionales.com/producto/tenis-deportivo-alto/,,"Tenis deportivo alto en lona blanca con cordones, diseñado para brindar comodidad y mayor cobertura durante la jornada. Su construcción ligera y su suela d…"
https://agenciasnacionales.com/producto/tenis-deportivo-bajo/,200,Tenis Deportivo Bajo | Agencias Nacionales S.A.S, Tenis Deportivo Bajo ,https://agenciasnacionales.com/producto/tenis-deportivo-bajo/,,"Tenis deportivo bajo en lona negra con cordones, diseñado para brindar comodidad y una presentación versátil durante la jornada. Su construcción ligera y s…"
https://agenciasnacionales.com/producto/tenis-mocasin-lona-ref-510/,200,Tenis Mocasín Lona REF: 510 | Agencias Nacionales S.A.S, Tenis Mocasín Lona REF: 510 ,https://agenciasnacionales.com/producto/tenis-mocasin-lona-ref-510/,,"Tenis mocasín en tejido negro con diseño slip-on, tiradores en talón y lengüeta para un calce práctico. Su suela negra esculpida y flexible ofrece comodida…"
https://agenciasnacionales.com/producto/tenis-mocasin-lona-ref-963/,200,Tenis Mocasín Lona REF: 963 | Agencias Nacionales S.A.S, Tenis Mocasín Lona REF: 963 ,https://agenciasnacionales.com/producto/tenis-mocasin-lona-ref-963/,,"Tenis mocasín en tejido negro con diseño slip-on, cuello elástico acanalado y tirador en el talón para un calce práctico. Su suela negra de perfil bajo y t…"
https://agenciasnacionales.com/producto/tenis-mocasin-suela-flow/,200,Tenis Mocasín Suela Flow | Agencias Nacionales S.A.S, Tenis Mocasín Suela Flow ,https://agenciasnacionales.com/producto/tenis-mocasin-suela-flow/,,"Tenis mocasín en tejido negro con diseño slip-on, pensado para brindar comodidad, ajuste flexible y facilidad al calzar. Su suela Flow blanca de perfil alt…"
https://agenciasnacionales.com/producto/tenis-mocasin-suela-jordan/,200,Tenis Mocasín Suela Jordan | Agencias Nacionales S.A.S, Tenis Mocasín Suela Jordan ,https://agenciasnacionales.com/producto/tenis-mocasin-suela-jordan/,,"Tenis mocasín en tejido negro con diseño slip-on, creado para un calce práctico, flexible y cómodo durante la jornada. Su suela Jordan blanca de perfil alt…"
https://agenciasnacionales.com/producto/tenis-nix-hombre/,200,Tenis Nix Hombre | Agencias Nacionales S.A.S, Tenis Nix Hombre ,https://agenciasnacionales.com/producto/tenis-nix-hombre/,,"Tenis Nix para hombre de diseño bajo en color negro, pensado para brindar comodidad y una presentación sobria durante la jornada. Su cierre con cordones, p…"
https://agenciasnacionales.com/producto/tenis-royal-cut-alto/,200,Tenis Royal Cut Alto | Agencias Nacionales S.A.S, Tenis Royal Cut Alto ,https://agenciasnacionales.com/producto/tenis-royal-cut-alto/,,"Tenis Royal Cut de diseño alto en lona negra con cordones blancos, pensado para ofrecer comodidad y mayor cobertura durante la jornada. Su suela de caucho…"
https://agenciasnacionales.com/producto/tenis-royal-cut-bajo/,200,Tenis Royal Cut Bajo | Agencias Nacionales S.A.S, Tenis Royal Cut Bajo ,https://agenciasnacionales.com/producto/tenis-royal-cut-bajo/,,"Tenis Royal Cut de diseño bajo en lona negra con cordones blancos, pensado para ofrecer comodidad y una presentación moderna durante la jornada. Su suela d…"
https://agenciasnacionales.com/producto/tenis-terra-dama/,200,Tenis Terra Dama | Agencias Nacionales S.A.S, Tenis Terra Dama ,https://agenciasnacionales.com/producto/tenis-terra-dama/,,"Tenis Terra para dama de diseño bajo en color blanco, pensado para brindar comodidad y una presentación limpia durante la jornada. Su cierre con cordones,…"
https://agenciasnacionales.com/producto/valeta-gracia-llano-lona/,200,Valeta Gracia Llano (Lona) | Agencias Nacionales S.A.S, Valeta Gracia Llano (Lona) ,https://agenciasnacionales.com/producto/valeta-gracia-llano-lona/,,"Valeta Gracia Llano en lona negra, diseñada para brindar comodidad y facilidad al calzar durante la jornada. Su silueta baja, interior liviano y suela de c…"
https://agenciasnacionales.com/producto/valeta-lona-katty-ref-205/,200,Valeta Lona Katty REF: 205 | Agencias Nacionales S.A.S, Valeta Lona Katty REF: 205 ,https://agenciasnacionales.com/producto/valeta-lona-katty-ref-205/,,"Valeta en lona azul oscuro con diseño plano y corte bajo, pensada para brindar comodidad y practicidad durante la jornada. Su suela de caucho negra con aca…"
https://agenciasnacionales.com/producto/zapatilla-caballero-mocasin-negra-ref-5829/,200,Zapatilla Caballero Mocasín Negra REF: 5829 | Agencias Nacionales S.A.S, Zapatilla Caballero Mocasín Negra REF: 5829 ,https://agenciasnacionales.com/producto/zapatilla-caballero-mocasin-negra-ref-5829/,,"Zapatilla para caballero en material negro liso, con diseño slip-on, elásticos laterales y costura discreta tipo mocasín. Su suela negra de perfil bajo y t…"
https://agenciasnacionales.com/producto/zapato-tipo-crocs-eva-ref-080/,200,Zapato Tipo Crocs Eva REF: 080 | Agencias Nacionales S.A.S, Zapato Tipo Crocs Eva REF: 080 ,https://agenciasnacionales.com/producto/zapato-tipo-crocs-eva-ref-080/,,"Zapato azul de EVA con diseño slip-on cerrado, detalle de ranuras decorativas y perfil robusto para un calce práctico. Su material liviano y suela ligerame…"
https://agenciasnacionales.com/producto/zapato-tipo-crocs-kroky-ref-242/,200,Zapato Tipo Crocs Kroky REF: 242 | Agencias Nacionales S.A.S, Zapato Tipo Crocs Kroky REF: 242 ,https://agenciasnacionales.com/producto/zapato-tipo-crocs-kroky-ref-242/,,"Zapato negro de material moldeado con diseño slip-on cerrado, detalle de ranuras decorativas y perfil robusto. Su suela ligeramente elevada brinda estabili…"
https://agenciasnacionales.com/producto/zapato-tipo-crocs-ref-080/,200,Zapato Tipo Crocs REF: 080 | Agencias Nacionales S.A.S, Zapato Tipo Crocs REF: 080 ,https://agenciasnacionales.com/producto/zapato-tipo-crocs-ref-080/,,"Zapato blanco de material moldeado con diseño slip-on cerrado, paneles laterales esculpidos y punta protectora en azul oscuro. Su suela robusta y de fácil…"
https://agenciasnacionales.com/producto/zapato-tipo-crocs-ref-175/,200,Zapato Tipo Crocs REF: 175 | Agencias Nacionales S.A.S, Zapato Tipo Crocs REF: 175 ,https://agenciasnacionales.com/producto/zapato-tipo-crocs-ref-175/,,"Zapato blanco de material liviano con diseño cerrado tipo slip-on, pensado para un calce práctico y fácil limpieza. Su construcción moldeada y suela textur…"
https://agenciasnacionales.com/producto/zapato-tipo-crocs-ref-196/,200,Zapato Tipo Crocs REF: 196 | Agencias Nacionales S.A.S, Zapato Tipo Crocs REF: 196 ,https://agenciasnacionales.com/producto/zapato-tipo-crocs-ref-196/,,"Zapato azul oscuro de material moldeado con diseño slip-on cerrado, puntera reforzada y panel lateral texturizado. Su suela de tracción con tacos profundos…"
https://agenciasnacionales.com/producto/zapato-tipo-crocs-ref-201/,200,Zapato Tipo Crocs REF: 201 | Agencias Nacionales S.A.S, Zapato Tipo Crocs REF: 201 ,https://agenciasnacionales.com/producto/zapato-tipo-crocs-ref-201/,,Zapato azul oscuro de material moldeado con diseño slip-on cerrado y elásticos laterales para un calce práctico. Su suela robusta con ranuras de flexión br…
https://agenciasnacionales.com/producto/zapato-tipo-crocs-ref-219/,200,Zapato Tipo Crocs REF: 219 | Agencias Nacionales S.A.S, Zapato Tipo Crocs REF: 219 ,https://agenciasnacionales.com/producto/zapato-tipo-crocs-ref-219/,,"Zapato azul de material moldeado con diseño slip-on cerrado, detalle de ranuras decorativas y perfil robusto. Su suela ligeramente elevada brinda estabilid…"
https://agenciasnacionales.com/producto/zapato-tipo-crocs-ref-224/,200,Zapato Tipo Crocs REF: 224 | Agencias Nacionales S.A.S, Zapato Tipo Crocs REF: 224 ,https://agenciasnacionales.com/producto/zapato-tipo-crocs-ref-224/,,"Zapato negro de material moldeado con diseño cerrado, correa posterior ajustable y perfil robusto para un calce práctico. Su suela texturizada brinda estab…"
https://agenciasnacionales.com/producto/zapaton-plastico-machita-dama/,200,Zapaton Plastico Machita Dama | Agencias Nacionales S.A.S, Zapaton Plastico Machita Dama ,https://agenciasnacionales.com/producto/zapaton-plastico-machita-dama/,,Este zapato de protección Machita está fabricado con un corte en cuero bovino de alta calidad y cuenta con una puntera de fibras sintéticas que le dan firm…
