URL histórica (Search Console al 3 septiembre),Destino preparado,Acción
https://agenciasnacionales.com/zapato-tipo-crocs-ref-178,,Revisar referencia retirada o equivalencia; mantener 404 si no existe sustituto real
https://agenciasnacionales.com/categorias/epp,/categoria/epp/,Preparada en vercel.json
https://agenciasnacionales.com/gorro-quirurgico,/producto/gorro-quirurgico/,Preparada en vercel.json
https://agenciasnacionales.com/uniforme-epm-contratista,,Revisar referencia retirada o equivalencia; mantener 404 si no existe sustituto real
https://agenciasnacionales.com/categorias/todas-los-productos,/producto/,Preparada en vercel.json
https://agenciasnacionales.com/zapato-tipo-crocs-ref-224,/producto/zapato-tipo-crocs-ref-224/,Preparada en vercel.json
https://agenciasnacionales.com/zapaton-machita-blanco,,Revisar referencia retirada o equivalencia; mantener 404 si no existe sustituto real
https://agenciasnacionales.com/bombacho-hombre,,Revisar referencia retirada o equivalencia; mantener 404 si no existe sustituto real
https://agenciasnacionales.com/zapato-t%C3%ADpo-crocs-ref-157,,Revisar referencia retirada o equivalencia; mantener 404 si no existe sustituto real
https://agenciasnacionales.com/categorias/prendas-de-vestir,/categoria/uniformes-de-trabajo/,Preparada en vercel.json
https://agenciasnacionales.com/protector-de-copa-samuray,,Revisar referencia retirada o equivalencia; mantener 404 si no existe sustituto real
https://agenciasnacionales.com/bota-seguridad-hibrida,,Revisar referencia retirada o equivalencia; mantener 404 si no existe sustituto real
https://agenciasnacionales.com/categorias/botas-en-cuero,,Revisar referencia retirada o equivalencia; mantener 404 si no existe sustituto real
https://agenciasnacionales.com/bota-soldador-inyectada,/producto/bota-soldador-inyectada/,Preparada en vercel.json
https://agenciasnacionales.com/pantal%C3%B3n-en-tela-supervertigo,,Revisar referencia retirada o equivalencia; mantener 404 si no existe sustituto real
https://agenciasnacionales.com/kn95-pag,,Revisar referencia retirada o equivalencia; mantener 404 si no existe sustituto real
https://agenciasnacionales.com/pantalon-dril-clasico-hombre-caqui,,Revisar referencia retirada o equivalencia; mantener 404 si no existe sustituto real
https://agenciasnacionales.com/categorias/gorros-y-redecillas,/categoria/gorros-y-redecillas/,Preparada en vercel.json
https://agenciasnacionales.com/categorias/tenis-lona-y-sinteticos-venus,,Revisar referencia retirada o equivalencia; mantener 404 si no existe sustituto real
https://agenciasnacionales.com/redecilla-larga-1-velillo-cristal,,Revisar referencia retirada o equivalencia; mantener 404 si no existe sustituto real
https://agenciasnacionales.com/botin-gallarda-acidos-grasos,,Revisar referencia retirada o equivalencia; mantener 404 si no existe sustituto real
https://agenciasnacionales.com/zapato-tipo-crocs-ref-242,,Revisar referencia retirada o equivalencia; mantener 404 si no existe sustituto real
https://agenciasnacionales.com/categorias/uniformes-de-trabajo,/categoria/uniformes-de-trabajo/,Preparada en vercel.json
https://agenciasnacionales.com/tula-hospitalizaci%C3%B3n-verde,,Revisar referencia retirada o equivalencia; mantener 404 si no existe sustituto real
https://agenciasnacionales.com/guantes-en-cuero-tipo-ingeniero-sencillo,,Revisar referencia retirada o equivalencia; mantener 404 si no existe sustituto real
https://agenciasnacionales.com/campo-doble-ojo,,Revisar referencia retirada o equivalencia; mantener 404 si no existe sustituto real
https://agenciasnacionales.com/casco-diel%C3%A9ctrico,/producto/casco-dielectrico/,Preparada en vercel.json
https://agenciasnacionales.com/delantal-pvc-(negro-blanco-amarillo)-calibre-18,,Revisar referencia retirada o equivalencia; mantener 404 si no existe sustituto real
https://agenciasnacionales.com/bolso-ref-091,,Revisar referencia retirada o equivalencia; mantener 404 si no existe sustituto real
https://agenciasnacionales.com/pol%C3%ADticas/pol%C3%ADtica-de-seguridad,/politica_seguridad/,Preparada en vercel.json
https://agenciasnacionales.com/mascarilla-desechable-negra,,Revisar referencia retirada o equivalencia; mantener 404 si no existe sustituto real
https://agenciasnacionales.com/buzo-perchado-ref-18600b,,Revisar referencia retirada o equivalencia; mantener 404 si no existe sustituto real
https://agenciasnacionales.com/tula-cirug%C3%ADa-roja,,Revisar referencia retirada o equivalencia; mantener 404 si no existe sustituto real
https://agenciasnacionales.com/redecilla-corta-lycra-ref-06,/producto/redecilla-corta-lycra-ref-06/,Preparada en vercel.json
https://agenciasnacionales.com/respirador-kn95,/producto/respirador-kn95/,Preparada en vercel.json
https://agenciasnacionales.com/campo-genital-hemodinamia-pedi%C3%A1trica,,Revisar referencia retirada o equivalencia; mantener 404 si no existe sustituto real
https://agenciasnacionales.com/bolso-ref-076-01,,Revisar referencia retirada o equivalencia; mantener 404 si no existe sustituto real
https://agenciasnacionales.com/bolso-ref-081,,Revisar referencia retirada o equivalencia; mantener 404 si no existe sustituto real
https://agenciasnacionales.com/bota-plastica-waterproof-p-seg-p-anticlavos-guerrera,,Revisar referencia retirada o equivalencia; mantener 404 si no existe sustituto real
https://agenciasnacionales.com/cuerda-estatica-de-13mm,,Revisar referencia retirada o equivalencia; mantener 404 si no existe sustituto real
https://agenciasnacionales.com/zapato-tipo-crocs-ref-080,/producto/zapato-tipo-crocs-ref-080/,Preparada en vercel.json
https://agenciasnacionales.com/guantes-kimberly-ref-48126-poliuretano-flex-o-ansell,,Revisar referencia retirada o equivalencia; mantener 404 si no existe sustituto real
https://agenciasnacionales.com/zapato-tipo-crocs-ref-201,/producto/zapato-tipo-crocs-ref-201/,Preparada en vercel.json
https://agenciasnacionales.com/casco-eco-tipo-1-clase-e,,Revisar referencia retirada o equivalencia; mantener 404 si no existe sustituto real
https://agenciasnacionales.com/camisa-indigo-hombre-ml,,Revisar referencia retirada o equivalencia; mantener 404 si no existe sustituto real
https://agenciasnacionales.com/bolso-ref-100,,Revisar referencia retirada o equivalencia; mantener 404 si no existe sustituto real
https://agenciasnacionales.com/bota-plastica-waterproof-guerrera,,Revisar referencia retirada o equivalencia; mantener 404 si no existe sustituto real
https://agenciasnacionales.com/tula-cirug%C3%ADa-verde,,Revisar referencia retirada o equivalencia; mantener 404 si no existe sustituto real
https://agenciasnacionales.com/gafas-en-malla,,Revisar referencia retirada o equivalencia; mantener 404 si no existe sustituto real
https://agenciasnacionales.com/bolso-ref-029,,Revisar referencia retirada o equivalencia; mantener 404 si no existe sustituto real
https://agenciasnacionales.com/ref-709-manolibre,,Revisar referencia retirada o equivalencia; mantener 404 si no existe sustituto real
https://agenciasnacionales.com/zapatilla-lisa-vulcanizada,,Revisar referencia retirada o equivalencia; mantener 404 si no existe sustituto real
https://agenciasnacionales.com/guantes-en-cuero-tipo-ingeniero-reforzado,,Revisar referencia retirada o equivalencia; mantener 404 si no existe sustituto real
https://agenciasnacionales.com/valeta-madona-ref-208-(lona),,Revisar referencia retirada o equivalencia; mantener 404 si no existe sustituto real
https://agenciasnacionales.com/pantal%C3%B3n-sudadera-ref-18400,,Revisar referencia retirada o equivalencia; mantener 404 si no existe sustituto real
https://agenciasnacionales.com/guante-de-carnaza-reforzado,,Revisar referencia retirada o equivalencia; mantener 404 si no existe sustituto real
https://agenciasnacionales.com/bata-antifluidos,,Revisar referencia retirada o equivalencia; mantener 404 si no existe sustituto real
https://agenciasnacionales.com/mocas%C3%ADn-medio-tac%C3%B3n-ref-248-(lona),,Revisar referencia retirada o equivalencia; mantener 404 si no existe sustituto real
https://agenciasnacionales.com/rin-onera-ref-805-01,,Revisar referencia retirada o equivalencia; mantener 404 si no existe sustituto real
https://agenciasnacionales.com/redecilla-larga-en-lycra-ref-25,/producto/redecilla-larga-en-lycra-ref-25/,Preparada en vercel.json
https://agenciasnacionales.com/brazalete-primeros-auxilios,,Revisar referencia retirada o equivalencia; mantener 404 si no existe sustituto real
https://agenciasnacionales.com/cinturon-lumbar,,Revisar referencia retirada o equivalencia; mantener 404 si no existe sustituto real
https://agenciasnacionales.com/bota-gallarda-agua,,Revisar referencia retirada o equivalencia; mantener 404 si no existe sustituto real
https://agenciasnacionales.com/chaleco-epm-01,,Revisar referencia retirada o equivalencia; mantener 404 si no existe sustituto real
https://agenciasnacionales.com/ambar-mocas%C3%ADn-(lona),/producto/ambar-mocasin-lona/,Preparada en vercel.json
https://agenciasnacionales.com/pantal%C3%B3n-sudadera-ref-18200b,,Revisar referencia retirada o equivalencia; mantener 404 si no existe sustituto real
https://agenciasnacionales.com/bota-argyll-safety-croydon,,Revisar referencia retirada o equivalencia; mantener 404 si no existe sustituto real
https://agenciasnacionales.com/bolso-ref-102,,Revisar referencia retirada o equivalencia; mantener 404 si no existe sustituto real
https://agenciasnacionales.com/camisa-dacron-m-c-azul-oscuro,,Revisar referencia retirada o equivalencia; mantener 404 si no existe sustituto real
https://agenciasnacionales.com/guante-de-carnaza-sencillo,,Revisar referencia retirada o equivalencia; mantener 404 si no existe sustituto real
https://agenciasnacionales.com/blusa-antifluido-ayudas-diagn%C3%B3sticas,,Revisar referencia retirada o equivalencia; mantener 404 si no existe sustituto real
https://agenciasnacionales.com/funda-de-almohada-habitaciones-m%C3%A9dico,,Revisar referencia retirada o equivalencia; mantener 404 si no existe sustituto real
https://agenciasnacionales.com/mosquet%C3%B3n-en-acero-yoke-automatico-50-kn,,Revisar referencia retirada o equivalencia; mantener 404 si no existe sustituto real
https://agenciasnacionales.com/brazalete-brigada-evacuaci%C3%B3n,,Revisar referencia retirada o equivalencia; mantener 404 si no existe sustituto real
https://agenciasnacionales.com/redecilla-suave-ref-02,/producto/redecilla-suave-ref-02/,Preparada en vercel.json
https://agenciasnacionales.com/bota-seguridad-inyectada-gazella,/producto/bota-inyectada-p-p-ref-gazella-100-libre-de-metal/,Preparada en vercel.json
https://agenciasnacionales.com/t%C3%A9rminos-y-condiciones,/politica_uso/,Preparada en vercel.json
https://agenciasnacionales.com/tapabocas-en-dacr%C3%B3n-ref-17,,Revisar referencia retirada o equivalencia; mantener 404 si no existe sustituto real
https://agenciasnacionales.com/zapato-tipo-crocs-ref-175-2,,Revisar referencia retirada o equivalencia; mantener 404 si no existe sustituto real
https://agenciasnacionales.com/blusa-ejecutiva-dama-m-c,,Revisar referencia retirada o equivalencia; mantener 404 si no existe sustituto real
https://agenciasnacionales.com/tenis-royal-hi-cut-alto,,Revisar referencia retirada o equivalencia; mantener 404 si no existe sustituto real
https://agenciasnacionales.com/gorro-corto-en-dacron,,Revisar referencia retirada o equivalencia; mantener 404 si no existe sustituto real
https://agenciasnacionales.com/guantes-en-nitrilo-verde-13,,Revisar referencia retirada o equivalencia; mantener 404 si no existe sustituto real
https://agenciasnacionales.com/camisa-oxford,,Revisar referencia retirada o equivalencia; mantener 404 si no existe sustituto real
https://agenciasnacionales.com/s%C3%A1bana-b%C3%A1sica-adultos,,Revisar referencia retirada o equivalencia; mantener 404 si no existe sustituto real
https://agenciasnacionales.com/chalecos-r-citylux,,Revisar referencia retirada o equivalencia; mantener 404 si no existe sustituto real
https://agenciasnacionales.com/gorro-largo-en-dacron,,Revisar referencia retirada o equivalencia; mantener 404 si no existe sustituto real
https://agenciasnacionales.com/redecilla-corta-velillo-cristal-ref-06,/producto/redecilla-corta-velillo-cristal-ref-06/,Preparada en vercel.json
https://agenciasnacionales.com/campo-derivaci%C3%B3n,,Revisar referencia retirada o equivalencia; mantener 404 si no existe sustituto real
https://agenciasnacionales.com/overol-en-pvc-(3-piezas),,Revisar referencia retirada o equivalencia; mantener 404 si no existe sustituto real
https://agenciasnacionales.com/camisa-m-c-dril-caqui,,Revisar referencia retirada o equivalencia; mantener 404 si no existe sustituto real
https://agenciasnacionales.com/index.php,/,Preparada en vercel.json
https://www.agenciasnacionales.com/hospitalaria.php,/categoria/hospitalaria/,Preparada en vercel.json
